Text,Score,tokens
"أفادت هيئة شؤون الأسرى والمحررين، الأحد، باستشهاد الأسير الفلسطيني ناصر خليل ردايدة، المعتقل في سجن عوفر الإسرائيلي منذ سبتمبر/أيلول 2023. وأوضحت الهيئة أن خليل ردايدة (49 عاما) فارق الحياة في مستشفى هداسا، بعد نقله إليه أمس من سجن عوفر الإسرائيلي. وقالت حركة حماس، في بيان، إن ""الاحتلال المجرم يمعن في إجرامه وغطرسته بحق أسرانا الأبطال في سجونه، ويواصل سياسة القتل البطيء لأسرانا، والذين كان آخرهم الأسير ناصر خليل ردايدة (49) عاما من بيت لحم، الذي ارتقى بعد تدهور صحته خلال اعتقاله في سجن عوفر جرّاء التعذيب والإهمال الطبي"". وشددت الحركة على أن الظروف المأساوية التي يعيشها الأسرى داخل سجون الاحتلال تشكّل انتهاكا لكل المواثيق الدولية والإنسانية، وتمثل جرائم حرب تستوجب من كل أحرار العالم التدخل والضغط على الاحتلال ومحاسبة قادته المجرمين. وأضافت أن وحشية الاحتلال بحق الأسرى ""لن تجلب له إلا مزيدا من الغضب والضربات من شعبنا ومقاومتنا التي ستبقى على عهد الحرية مع الأسرى البواسل، حتى خلاصهم من سجون الاحتلال"". ودعت الحركة كل المؤسسات الإنسانية والحقوقية للتحرك بكل قوة، وتحمل مسؤوليتها تجاه الأسرى الفلسطينيين، ""وحثت جماهير الضفة الغربية لتفعيل كل وسائل النصرة والدعم لأسرانا البواسل وتكثيف كافة أشكال المقاومة"". يذكر أن الأسير ردايدة هو الشهيد الثاني بين صفوف الأسرى الذي يُعلَن عن استشهاده بسجون الاحتلال في غضون 4 أيام. وباستشهاد المعتقل ردايدة، فإن عدد الشهداء بين صفوف الأسرى والمعتقلين يرتفع إلى 65 شهيدا منذ 17 أكتوبر/تشرين الأول 2023.          تابع الجزيرة نت على:",4.3,"['أفادت', 'هيئة', 'شؤون', 'الأسرى', 'والمحررين،', 'الأحد،', 'باستشهاد', 'الأسير', 'الفلسطيني', 'ناصر', 'خليل', 'ردايدة،', 'المعتقل', 'سجن', 'عوفر', 'الإسرائيلي', 'سبتمبرأيلول', 'وأوضحت', 'الهيئة', 'خليل', 'ردايدة', 'عاما', 'فارق', 'الحياة', 'مستشفى', 'هداسا،', 'نقله', 'إليه', 'سجن', 'عوفر', 'الإسرائيلي', 'وقالت', 'حركة', 'حماس،', 'بيان،', 'الاحتلال', 'المجرم', 'يمعن', 'إجرامه', 'وغطرسته', 'بحق', 'أسرانا', 'الأبطال', 'سجونه،', 'ويواصل', 'سياسة', 'القتل', 'البطيء', 'لأسرانا،', 'آخرهم', 'الأسير', 'ناصر', 'خليل', 'ردايدة', 'عاما', 'بيت', 'لحم،', 'ارتقى', 'تدهور', 'صحته', 'خلال', 'اعتقاله', 'سجن', 'عوفر', 'جرّاء', 'التعذيب', 'والإهمال', 'الطبي', 'وشددت', 'الحركة', 'الظروف', 'المأساوية', 'يعيشها', 'الأسرى', 'داخل', 'سجون', 'الاحتلال', 'تشكّل', 'انتهاكا', 'لكل', 'المواثيق', 'الدولية', 'والإنسانية،', 'وتمثل', 'جرائم', 'حرب', 'تستوجب', 'أحرار', 'العالم', 'التدخل', 'والضغط', 'الاحتلال', 'ومحاسبة', 'قادته', 'المجرمين', 'وأضافت', 'وحشية', 'الاحتلال', 'بحق', 'الأسرى', 'تجلب', 'مزيدا', 'الغضب', 'والضربات', 'شعبنا', 'ومقاومتنا', 'ستبقى', 'عهد', 'الحرية', 'الأسرى', 'البواسل،', 'خلاصهم', 'سجون', 'الاحتلال', 'ودعت', 'الحركة', 'المؤسسات', 'الإنسانية', 'والحقوقية', 'للتحرك', 'بكل', 'قوة،', 'وتحمل', 'مسؤوليتها', 'الأسرى', 'الفلسطينيين،', 'وحثت', 'جماهير', 'الضفة', 'الغربية', 'لتفعيل', 'وسائل', 'النصرة', 'والدعم', 'لأسرانا', 'البواسل', 'وتكثيف', 'كافة', 'أشكال', 'المقاومة', 'يذكر', 'الأسير', 'ردايدة', 'الشهيد', 'الثاني', 'صفوف', 'الأسرى', 'يُعلَن', 'استشهاده', 'بسجون', 'الاحتلال', 'غضون', 'أيام', 'وباستشهاد', 'المعتقل', 'ردايدة،', 'عدد', 'الشهداء', 'صفوف', 'الأسرى', 'والمعتقلين', 'يرتفع', 'شهيدا', 'أكتوبرتشرين', 'الأول', 'تابع', 'الجزيرة']"
"قصف جيش الاحتلال الإسرائيلي، الأحد، عدة مناطق في قطاع غزة، بما فيها التي يدّعي أنها آمنة، مما أسفر عن عشرات الشهداء والجرحى. وقالت مصادر طبية فلسطينية للجزيرة إن 15 فلسطينيا استشهدوا في القصف الإسرائيلي المتواصل على أحياء سكنية في القطاع منذ فجر الأحد. وتركزت الغارات الجوية والقصف المدفعي على شمال وجنوب القطاع، كما شملت الهجمات المناطق الوسطى. واستشهد 6 فلسطينيين في قصف من مسيّرات إسرائيلية على شارع النخيل وساحة الشوا في حي التفاح شرقي مدينة غزة. كما طال القصف أحياء قريبة بينها حي الشجاعية، مما دفع المزيد من الأهالي للنزوح غربا باتجاه وسط مدينة غزة. وبالتوازي مع القصف الجوي والمدفعي، أطلقت زوارق حربية إسرائيلية النار باتجاه ساحل مدينة غزة. وتصاعد القصف الجوي والمدفعي على أحياء شرقي غزة وفي وسطها بالتزامن مع توغل قوات الاحتلال في أطراف الشجاعية والتفاح. 🔹 شاهد ..لحظة سقوط قذيفة من مدفعية الاحتلال قرب برج القدس بمحيط مجمع الصحابة بمدينة غزة. pic.twitter.com/B32SHdjYhW — المركز الفلسطيني للإعلام (@PalinfoAr) April 20, 2025  وفي الشمال، استشهد 5 فلسطينيين في غارة إسرائيلية على منزل في مشروع بيت لاهيا. وفي وسط القطاع، استشهد 4 أشخاص إثر قصف على مخيم النصيرات، بينما استهدف القصف أيضا محيط بلدة المغراقة ومخيم البريج. وأفاد مراسل الجزيرة بأن بعض المناطق التي استهدفها الاحتلال وسط القطاع كان قد صنفها في وقت سابق ضمن ما يزعم أنها ""مناطق آمنة"". وفي الجنوب، أفاد مراسل الجزيرة بارتفاع عدد شهداء القصف الإسرائيلي على شمال شرق مدينة رفح إلى 5. واستشهد فلسطيني آخر إثر قصف مدفعي في منطقة المواصي شمال غرب رفح. عاجل | الاحتلال ينسف عدداً من المباني السكنية شمال شرق رفح، جنوب قطاع غزة. pic.twitter.com/s6TQFGIl8G — شبكة قدس الإخبارية (@qudsn) April 20, 2025  وبالتزامن نفذت قوات الاحتلال عمليات نسف متتالية لعدد من المباني السكنية شمال المدينة. وفي خان يونس، استشهد فلسطينيان وأصيب آخرون في غارة على منزل بحي المنارة. وبحلول الليل، قصفت مسيّرات إسرائيلية مركبا للصيادين في محيط ميناء خان يونس. وفي خان يونس أيضا، شيّع فلسطينيون الصحفي أحمد منصور الذي استشهد فجر اليوم متأثرا بإصابته في قصف إسرائيلي استهدف خيمة للصحفيين في محيط مجمع ناصر الطبي قبل أسبوع. وكان القصف أسفر عن استشهاد شخصين وإصابة آخرين. ومنذ استئناف العدوان على غزة في 18 مارس/آذار الماضي، استشهد نحو 1850 فلسطينيا وأصيب أكثر من 4800 آخرين، وفقا لبيانات وزارة الصحة في القطاع.          تابع الجزيرة نت على:",3.57,"['قصف', 'جيش', 'الاحتلال', 'الإسرائيلي،', 'الأحد،', 'عدة', 'مناطق', 'قطاع', 'غزة،', 'يدّعي', 'أنها', 'آمنة،', 'أسفر', 'عشرات', 'الشهداء', 'والجرحى', 'وقالت', 'مصادر', 'طبية', 'فلسطينية', 'للجزيرة', 'فلسطينيا', 'استشهدوا', 'القصف', 'الإسرائيلي', 'المتواصل', 'أحياء', 'سكنية', 'القطاع', 'فجر', 'الأحد', 'وتركزت', 'الغارات', 'الجوية', 'والقصف', 'المدفعي', 'وجنوب', 'القطاع،', 'شملت', 'الهجمات', 'المناطق', 'الوسطى', 'واستشهد', 'فلسطينيين', 'قصف', 'مسيّرات', 'إسرائيلية', 'شارع', 'النخيل', 'وساحة', 'الشوا', 'التفاح', 'شرقي', 'مدينة', 'غزة', 'طال', 'القصف', 'أحياء', 'قريبة', 'بينها', 'الشجاعية،', 'دفع', 'المزيد', 'الأهالي', 'للنزوح', 'غربا', 'باتجاه', 'وسط', 'مدينة', 'غزة', 'وبالتوازي', 'القصف', 'الجوي', 'والمدفعي،', 'أطلقت', 'زوارق', 'حربية', 'إسرائيلية', 'النار', 'باتجاه', 'ساحل', 'مدينة', 'غزة', 'وتصاعد', 'القصف', 'الجوي', 'والمدفعي', 'أحياء', 'شرقي', 'غزة', 'وفي', 'وسطها', 'بالتزامن', 'توغل', 'قوات', 'الاحتلال', 'أطراف', 'الشجاعية', 'والتفاح', 'شاهد', 'لحظة', 'سقوط', 'قذيفة', 'مدفعية', 'الاحتلال', 'قرب', 'برج', 'القدس', 'بمحيط', 'مجمع', 'الصحابة', 'بمدينة', 'غزة', 'المركز', 'الفلسطيني', 'للإعلام', 'وفي', 'الشمال،', 'استشهد', 'فلسطينيين', 'غارة', 'إسرائيلية', 'منزل', 'مشروع', 'بيت', 'لاهيا', 'وفي', 'وسط', 'القطاع،', 'استشهد', 'أشخاص', 'إثر', 'قصف', 'مخيم', 'النصيرات،', 'بينما', 'استهدف', 'القصف', 'محيط', 'بلدة', 'المغراقة', 'ومخيم', 'البريج', 'وأفاد', 'مراسل', 'الجزيرة', 'بأن', 'المناطق', 'استهدفها', 'الاحتلال', 'وسط', 'القطاع', 'صنفها', 'وقت', 'سابق', 'ضمن', 'يزعم', 'أنها', 'مناطق', 'آمنة', 'وفي', 'الجنوب،', 'أفاد', 'مراسل', 'الجزيرة', 'بارتفاع', 'عدد', 'شهداء', 'القصف', 'الإسرائيلي', 'شرق', 'مدينة', 'رفح', 'واستشهد', 'فلسطيني', 'آخر', 'إثر', 'قصف', 'مدفعي', 'منطقة', 'المواصي', 'غرب', 'رفح', 'عاجل', 'الاحتلال', 'ينسف', 'عدداً', 'المباني', 'السكنية', 'شرق', 'رفح،', 'جنوب', 'قطاع', 'غزة', 'شبكة', 'قدس', 'الإخبارية', 'وبالتزامن', 'نفذت', 'قوات', 'الاحتلال', 'عمليات', 'نسف', 'متتالية', 'لعدد', 'المباني', 'السكنية', 'المدينة', 'وفي', 'خان', 'يونس،', 'استشهد', 'فلسطينيان', 'وأصيب', 'آخرون', 'غارة', 'منزل', 'بحي', 'المنارة', 'وبحلول', 'الليل،', 'قصفت', 'مسيّرات', 'إسرائيلية', 'مركبا', 'للصيادين', 'محيط', 'ميناء', 'خان', 'يونس', 'وفي', 'خان', 'يونس', 'أيضا،', 'شيّع', 'فلسطينيون', 'الصحفي', 'أحمد', 'منصور', 'استشهد', 'فجر', 'اليوم', 'متأثرا', 'بإصابته', 'قصف', 'إسرائيلي', 'استهدف', 'خيمة', 'للصحفيين', 'محيط', 'مجمع', 'ناصر', 'الطبي', 'أسبوع', 'وكان', 'القصف', 'أسفر', 'استشهاد', 'شخصين', 'وإصابة', 'آخرين', 'ومنذ', 'استئناف', 'العدوان', 'غزة', 'مارسآذار', 'الماضي،', 'استشهد', 'فلسطينيا', 'وأصيب', 'آخرين،', 'وفقا', 'لبيانات', 'وزارة', 'الصحة', 'القطاع', 'تابع', 'الجزيرة']"
"يستمر السجال المتصاعد بشأن مساعي الرئيس الأميركي دونالد ترامب لترحيل المهاجرين استنادا إلى قانون يعود إلى القرن الـ18، في حين حذرت سيناتورة ديمقراطية بارزة من أن البلاد تقترب أكثر فأكثر من أزمة دستورية. وتأتي هذه التطورات عقب قرار أصدرته المحكمة العليا أوقف مؤقتا عمليات ترحيل مهاجرين فنزويليين دون محاكمة استنادا إلى ""قانون الأعداء الأجانب"" الصادر في عام 1798. وفي خضم هذا السجال المتصاعد هاجم ترامب عبر منصته ""تروث سوشيال"" المحكمة العليا ""من دون أن يسميها""، وندد بـ""القضاة ومسؤولي إنفاذ القانون الضعفاء وغير الفاعلين الذين يسمحون بأن يستمر هذا الهجوم الشرير على أمتنا، هجوم عنيف لدرجة أنه لن ينسى أبدا"". وأوقف قرار المحكمة مؤقتا ما تحذّر منظمات حقوقية من أنها عمليات ترحيل وشيكة لمهاجرين فنزويليين محتجزين في تكساس متهمين بأنهم أعضاء في عصابات إجرامية. ويمنع القرار مؤقتا الإدارة من مواصلة ترحيل مهاجرين استنادا إلى ""قانون الأعداء الأجانب"" الذي استخدم للمرة الأخيرة لتوقيف أميركيين يابانيين إبان الحرب العالمية الثانية. وتنخرط إدارة ترامب في نزاع مع قضاة فدراليين ومنظمات حقوقية وديمقراطيين يقولون إن الرئيس تعدى على حقوق رسخها الدستور بتسريعه عمليات ترحيل مهاجرين مع حرمانهم أحيانا من الحق في المحاكمة. وقالت السيناتورة الديمقراطية آيمي كلوبوشار في تصريح لشبكة ""سي إن إن"" ""نحن نقترب أكثر فأكثر من أزمة دستورية""، مضيفة ""يحاول دونالد ترامب إغراقنا في أزمة"". وخلال الشهر الماضي، رحّلت إدارة ترامب مئات المهاجرين -أغلبيتهم فنزويليون- إلى سجن خاضع لإجراءات أمنية مشددة في السلفادور يعرف اختصارا باسم ""سيكوت""، مشيرة إلى أنهم أعضاء في عصابات إجرامية. وتعد قضية كيلمار أبريغو غارسيا الأشهر، إذ رُحّل المهاجر السلفادوري إلى سجن في السلفادور من دون توجيه أي اتهام إليه، وأقرت الإدارة بأن إدراج أبريغو غارسيا في قائمة المرحّلين جاء بسبب ""خطأ إداري""، وقد قضت محكمة بوجوب أن ""تسهل"" الحكومة عودته. لكن ترامب يواصل التنديد بالقرار القضائي، ويصر على أن أبريغو غارسيا هو بالفعل عضو في عصابة، ونشر أول أمس الجمعة على شبكات التواصل الاجتماعي صورة تبدو معدلة لرمز للعصابة موشوم على أصابع السلفادوري المرحّل.          تابع الجزيرة نت على:",1.83,"['يستمر', 'السجال', 'المتصاعد', 'بشأن', 'مساعي', 'الرئيس', 'الأميركي', 'دونالد', 'ترامب', 'لترحيل', 'المهاجرين', 'استنادا', 'قانون', 'يعود', 'القرن', 'الـ،', 'حذرت', 'سيناتورة', 'ديمقراطية', 'بارزة', 'البلاد', 'تقترب', 'فأكثر', 'أزمة', 'دستورية', 'وتأتي', 'التطورات', 'عقب', 'قرار', 'أصدرته', 'المحكمة', 'العليا', 'أوقف', 'مؤقتا', 'عمليات', 'ترحيل', 'مهاجرين', 'فنزويليين', 'محاكمة', 'استنادا', 'قانون', 'الأعداء', 'الأجانب', 'الصادر', 'عام', 'وفي', 'خضم', 'السجال', 'المتصاعد', 'هاجم', 'ترامب', 'عبر', 'منصته', 'تروث', 'سوشيال', 'المحكمة', 'العليا', 'يسميها،', 'وندد', 'بـالقضاة', 'ومسؤولي', 'إنفاذ', 'القانون', 'الضعفاء', 'وغير', 'الفاعلين', 'يسمحون', 'بأن', 'يستمر', 'الهجوم', 'الشرير', 'أمتنا،', 'هجوم', 'عنيف', 'لدرجة', 'أنه', 'ينسى', 'وأوقف', 'قرار', 'المحكمة', 'مؤقتا', 'تحذّر', 'منظمات', 'حقوقية', 'أنها', 'عمليات', 'ترحيل', 'وشيكة', 'لمهاجرين', 'فنزويليين', 'محتجزين', 'تكساس', 'متهمين', 'بأنهم', 'أعضاء', 'عصابات', 'إجرامية', 'ويمنع', 'القرار', 'مؤقتا', 'الإدارة', 'مواصلة', 'ترحيل', 'مهاجرين', 'استنادا', 'قانون', 'الأعداء', 'الأجانب', 'استخدم', 'للمرة', 'الأخيرة', 'لتوقيف', 'أميركيين', 'يابانيين', 'إبان', 'الحرب', 'العالمية', 'الثانية', 'وتنخرط', 'إدارة', 'ترامب', 'نزاع', 'قضاة', 'فدراليين', 'ومنظمات', 'حقوقية', 'وديمقراطيين', 'يقولون', 'الرئيس', 'تعدى', 'حقوق', 'رسخها', 'الدستور', 'بتسريعه', 'عمليات', 'ترحيل', 'مهاجرين', 'حرمانهم', 'أحيانا', 'الحق', 'المحاكمة', 'وقالت', 'السيناتورة', 'الديمقراطية', 'آيمي', 'كلوبوشار', 'تصريح', 'لشبكة', 'نقترب', 'فأكثر', 'أزمة', 'دستورية،', 'مضيفة', 'يحاول', 'دونالد', 'ترامب', 'إغراقنا', 'أزمة', 'وخلال', 'الشهر', 'الماضي،', 'رحّلت', 'إدارة', 'ترامب', 'مئات', 'المهاجرين', 'أغلبيتهم', 'فنزويليون', 'سجن', 'خاضع', 'لإجراءات', 'أمنية', 'مشددة', 'السلفادور', 'يعرف', 'اختصارا', 'باسم', 'سيكوت،', 'مشيرة', 'أنهم', 'أعضاء', 'عصابات', 'إجرامية', 'وتعد', 'قضية', 'كيلمار', 'أبريغو', 'غارسيا', 'الأشهر،', 'رُحّل', 'المهاجر', 'السلفادوري', 'سجن', 'السلفادور', 'توجيه', 'اتهام', 'إليه،', 'وأقرت', 'الإدارة', 'بأن', 'إدراج', 'أبريغو', 'غارسيا', 'قائمة', 'المرحّلين', 'جاء', 'بسبب', 'خطأ', 'إداري،', 'وقد', 'قضت', 'محكمة', 'بوجوب', 'تسهل', 'الحكومة', 'عودته', 'ترامب', 'يواصل', 'التنديد', 'بالقرار', 'القضائي،', 'ويصر', 'أبريغو', 'غارسيا', 'بالفعل', 'عضو', 'عصابة،', 'ونشر', 'الجمعة', 'شبكات', 'التواصل', 'الاجتماعي', 'صورة', 'تبدو', 'معدلة', 'لرمز', 'للعصابة', 'موشوم', 'أصابع', 'السلفادوري', 'المرحّل', 'تابع', 'الجزيرة']"
أكد مسؤول أميركي تحقيق تقدم كبير في المحادثات مع إيران بشأن برنامجها النووي، فيما يتصاعد القلق في إسرائيل بشأن هذا المسار التفاوضي، واحتمال تقديم واشنطن “تنازلات” لإيران. دفع الجيش الإسرائيلي بجنود لم يكملوا تدريبهم إلى قطاع غزة للمشاركة في حرب الإبادة بحق الفلسطينيين، نظرا لنقص الأعداد في صفوفه، وفق ما ذكرت وسائل إعلام إسرائيلية اليوم الأحد. قصف جيش الاحتلال الإسرائيلي، الأحد، عدة مناطق في قطاع غزة، بما فيها التي يدّعي أنها آمنة، مما أسفر عن عشرات الشهداء والجرحى. التفاصيل بعد قليل.. استشهد مقاوم فلسطيني وأصيب طفل بجروح خطيرة، خلال مواجهات مع قوات الاحتلال الإسرائيلي في نابلس، فيما نفذ مستوطنون اعتداءات على السكان. احتشد مئات الآلاف من الباكستانيين في العاصمة الباكستانية إسلام آباد للتعبير عن دعمهم المستمر لغزة والقضية الفلسطينية وللتنديد بالجرائم الإسرائيلية المتواصلة على قطاع غزة. أفادت مصادر طبية للجزيرة باستشهاد 30 فلسطينيا في قصف إسرائيلي استهدف مناطق متفرقة من قطاع غزة منذ فجر اليوم. يستمر السجال المتصاعد بشأن مساعي الرئيس الأميركي دونالد ترامب لترحيل المهاجرين استنادا لقانون يعود إلى القرن الـ18، في حين حذرت سيناتورة ديمقراطية بارزة من أن البلاد تقترب أكثر فأكثر من أزمة دستورية. كشفت كتائب القسام الجناح العسكري لحركة المقاومة الإسلامية (حماس) تفاصيل الكمين المركب الذي نفذه مقاتلوها شرق بيت حانون شمالي قطاع غزة يوم 19 أبريل/نيسان الجاري. أصدرت الرئاسة السورية، اليوم الأحد، بيانا توضيحيا بشأن حضور جمال الشرع، شقيق الرئيس أحمد الشرع، فعالية نظمها رجل أعمال من دير الزور شرقي البلاد، وأثارت جدلا كبيرا في سوريا. يحتفل أبناء الطوائف المسيحية في سوريا بعيد الفصح لأول مرة بعد سقوط نظام الرئيس السابق بشار الأسد. تعطي الحرب الإسرائيلية المتجددة في غزة، إلى جانب تصريحات المسؤولين السياسيين، مؤشرات واضحة على نوايا إسرائيل تجاه القطاع، التي قد تغرس بذور صراعات جديدة. أفادت هيئة شؤون الأسرى والمحررين، الأحد، باستشهاد الأسير الفلسطيني ناصر خليل ردايدة، المعتقل في سجن عوفر الإسرائيلي منذ سبتمبر/أيلول 2023. قال خبيران عسكريان إن المشاهد التي بثها مقاتلو حركة المقاومة الإسلامية (حماس) “أسطورية”، وتؤكد قدرة المقاومة في قطاع غزة على تنفيذ عمليات نوعية ضد جيش الاحتلال عندما تدخل المواجهة ضمن المدى القتالي. تابع الجزيرة نت على:,4.19,"['أكد', 'مسؤول', 'أميركي', 'تحقيق', 'تقدم', 'كبير', 'المحادثات', 'إيران', 'بشأن', 'برنامجها', 'النووي،', 'يتصاعد', 'القلق', 'إسرائيل', 'بشأن', 'المسار', 'التفاوضي،', 'واحتمال', 'تقديم', 'واشنطن', 'تنازلات', 'لإيران', 'دفع', 'الجيش', 'الإسرائيلي', 'بجنود', 'يكملوا', 'تدريبهم', 'قطاع', 'غزة', 'للمشاركة', 'حرب', 'الإبادة', 'بحق', 'الفلسطينيين،', 'نظرا', 'لنقص', 'الأعداد', 'صفوفه،', 'وفق', 'ذكرت', 'وسائل', 'إعلام', 'إسرائيلية', 'اليوم', 'الأحد', 'قصف', 'جيش', 'الاحتلال', 'الإسرائيلي،', 'الأحد،', 'عدة', 'مناطق', 'قطاع', 'غزة،', 'يدّعي', 'أنها', 'آمنة،', 'أسفر', 'عشرات', 'الشهداء', 'والجرحى', 'التفاصيل', 'قليل', 'استشهد', 'مقاوم', 'فلسطيني', 'وأصيب', 'طفل', 'بجروح', 'خطيرة،', 'خلال', 'مواجهات', 'قوات', 'الاحتلال', 'الإسرائيلي', 'نابلس،', 'نفذ', 'مستوطنون', 'اعتداءات', 'السكان', 'احتشد', 'مئات', 'الآلاف', 'الباكستانيين', 'العاصمة', 'الباكستانية', 'إسلام', 'آباد', 'للتعبير', 'دعمهم', 'المستمر', 'لغزة', 'والقضية', 'الفلسطينية', 'وللتنديد', 'بالجرائم', 'الإسرائيلية', 'المتواصلة', 'قطاع', 'غزة', 'أفادت', 'مصادر', 'طبية', 'للجزيرة', 'باستشهاد', 'فلسطينيا', 'قصف', 'إسرائيلي', 'استهدف', 'مناطق', 'متفرقة', 'قطاع', 'غزة', 'فجر', 'اليوم', 'يستمر', 'السجال', 'المتصاعد', 'بشأن', 'مساعي', 'الرئيس', 'الأميركي', 'دونالد', 'ترامب', 'لترحيل', 'المهاجرين', 'استنادا', 'لقانون', 'يعود', 'القرن', 'الـ،', 'حذرت', 'سيناتورة', 'ديمقراطية', 'بارزة', 'البلاد', 'تقترب', 'فأكثر', 'أزمة', 'دستورية', 'كشفت', 'كتائب', 'القسام', 'الجناح', 'العسكري', 'لحركة', 'المقاومة', 'الإسلامية', 'حماس', 'تفاصيل', 'الكمين', 'المركب', 'نفذه', 'مقاتلوها', 'شرق', 'بيت', 'حانون', 'شمالي', 'قطاع', 'غزة', 'يوم', 'أبريلنيسان', 'الجاري', 'أصدرت', 'الرئاسة', 'السورية،', 'اليوم', 'الأحد،', 'بيانا', 'توضيحيا', 'بشأن', 'حضور', 'جمال', 'الشرع،', 'شقيق', 'الرئيس', 'أحمد', 'الشرع،', 'فعالية', 'نظمها', 'رجل', 'أعمال', 'دير', 'الزور', 'شرقي', 'البلاد،', 'وأثارت', 'جدلا', 'كبيرا', 'سوريا', 'يحتفل', 'أبناء', 'الطوائف', 'المسيحية', 'سوريا', 'بعيد', 'الفصح', 'لأول', 'مرة', 'سقوط', 'نظام', 'الرئيس', 'السابق', 'بشار', 'الأسد', 'تعطي', 'الحرب', 'الإسرائيلية', 'المتجددة', 'غزة،', 'جانب', 'تصريحات', 'المسؤولين', 'السياسيين،', 'مؤشرات', 'واضحة', 'نوايا', 'إسرائيل', 'القطاع،', 'تغرس', 'بذور', 'صراعات', 'جديدة', 'أفادت', 'هيئة', 'شؤون', 'الأسرى', 'والمحررين،', 'الأحد،', 'باستشهاد', 'الأسير', 'الفلسطيني', 'ناصر', 'خليل', 'ردايدة،', 'المعتقل', 'سجن', 'عوفر', 'الإسرائيلي', 'سبتمبرأيلول', 'قال', 'خبيران', 'عسكريان', 'المشاهد', 'بثها', 'مقاتلو', 'حركة', 'المقاومة', 'الإسلامية', 'حماس', 'أسطورية،', 'وتؤكد', 'قدرة', 'المقاومة', 'قطاع', 'غزة', 'تنفيذ', 'عمليات', 'نوعية', 'جيش', 'الاحتلال', 'عندما', 'تدخل', 'المواجهة', 'ضمن', 'المدى', 'القتالي', 'تابع', 'الجزيرة']"
عاجل | الجيش الإسرائيلي: إطلاق نار قرب مستوطنة قادش برنياع في صحراء النقب على الحدود مع مصر والتحقيقات جارية عاجل | الجيش الإسرائيلي: دوي إطلاق نار قرب مستوطنة قادش برنياع جنوب إسرائيل وقواتنا تمشط المنطقة عاجل | الجيش الإسرائيلي: استبعاد الاشتباه بوجود حادث أمني في منطقة قادش برنياع على الحدود مع مصر   التفاصيل بعد قليل..          تابع الجزيرة نت على:,4.63,"['عاجل', 'الجيش', 'الإسرائيلي', 'إطلاق', 'نار', 'قرب', 'مستوطنة', 'قادش', 'برنياع', 'صحراء', 'النقب', 'الحدود', 'مصر', 'والتحقيقات', 'جارية', 'عاجل', 'الجيش', 'الإسرائيلي', 'دوي', 'إطلاق', 'نار', 'قرب', 'مستوطنة', 'قادش', 'برنياع', 'جنوب', 'إسرائيل', 'وقواتنا', 'تمشط', 'المنطقة', 'عاجل', 'الجيش', 'الإسرائيلي', 'استبعاد', 'الاشتباه', 'بوجود', 'حادث', 'أمني', 'منطقة', 'قادش', 'برنياع', 'الحدود', 'مصر', 'التفاصيل', 'قليل', 'تابع', 'الجزيرة']"
"دفع الجيش الإسرائيلي بجنود لم يكملوا تدريبهم إلى قطاع غزة للمشاركة في حرب الإبادة بحق الفلسطينيين، نظرا لنقص الأعداد في صفوفه، وفق ما ذكرت وسائل إعلام إسرائيلية اليوم الأحد. وقالت هيئة البث الرسمية ""على خلفية نقص عدد الجنود، التحق جنود من لواءي غولاني وغفعاتي (قوات نخبة) قبل 4 أشهر بالجيش، ولم يكملوا التدريبات، ويتم إرسالهم إلى قطاع غزة"". وأوضحت أنه تم إرسال الجنود إلى الحرب منذ ديسمبر/كانون الأول الماضي دون أن يكملوا تدريبهم. وقالت صحيفة يديعوت أحرونوت، الاثنين الماضي، إن رئيس الأركان إيال زامير، أبلغ رئيس الوزراء بنيامين نتنياهو، وحكومته أن ""نقص عدد الجنود قد يحد من قدرة الجيش على تحقيق طموحات القيادة السياسية ومخططاتها في غزة"". وفي الأشهر الماضية، تحدث الجيش عن نقص في الجنود النظاميين بسبب عدم تجنيد اليهود المتدينين (الحريديم)، وعزوف ما بين 30 و40% من جنود الاحتياط عن الخدمة لأسباب بينها الإرهاق من طول الحرب، وفق الإعلام الإسرائيلي. وقد يتفاقم هذا النقص في ظل عرائض متواترة يوقعها إسرائيليون بينهم عسكريون، للمطالبة بإعادة الأسرى، ولو بوقف حرب الإبادة، وهي ما باتت تعرف إعلاميا بـ""عرائض العصيان"". ووفق بيانات موقع ""عودة إسرائيل"" غير الحكومي، الذي يمكن عبره للإسرائيليين توقيع عرائض إلكترونيا، وقع أكثر من 140 ألفا حتى السبت 50 عريضة، منها 21 وقعها ما يزيد على 10 آلاف من عسكريي الاحتياط والقدامى.          تابع الجزيرة نت على:",3.9,"['دفع', 'الجيش', 'الإسرائيلي', 'بجنود', 'يكملوا', 'تدريبهم', 'قطاع', 'غزة', 'للمشاركة', 'حرب', 'الإبادة', 'بحق', 'الفلسطينيين،', 'نظرا', 'لنقص', 'الأعداد', 'صفوفه،', 'وفق', 'ذكرت', 'وسائل', 'إعلام', 'إسرائيلية', 'اليوم', 'الأحد', 'وقالت', 'هيئة', 'البث', 'الرسمية', 'خلفية', 'نقص', 'عدد', 'الجنود،', 'التحق', 'جنود', 'لواءي', 'غولاني', 'وغفعاتي', 'قوات', 'نخبة', 'أشهر', 'بالجيش،', 'ولم', 'يكملوا', 'التدريبات،', 'ويتم', 'إرسالهم', 'قطاع', 'غزة', 'وأوضحت', 'أنه', 'إرسال', 'الجنود', 'الحرب', 'ديسمبركانون', 'الأول', 'الماضي', 'يكملوا', 'تدريبهم', 'وقالت', 'صحيفة', 'يديعوت', 'أحرونوت،', 'الاثنين', 'الماضي،', 'رئيس', 'الأركان', 'إيال', 'زامير،', 'أبلغ', 'رئيس', 'الوزراء', 'بنيامين', 'نتنياهو،', 'وحكومته', 'نقص', 'عدد', 'الجنود', 'يحد', 'قدرة', 'الجيش', 'تحقيق', 'طموحات', 'القيادة', 'السياسية', 'ومخططاتها', 'غزة', 'وفي', 'الأشهر', 'الماضية،', 'تحدث', 'الجيش', 'نقص', 'الجنود', 'النظاميين', 'بسبب', 'عدم', 'تجنيد', 'اليهود', 'المتدينين', 'الحريديم،', 'وعزوف', 'جنود', 'الاحتياط', 'الخدمة', 'لأسباب', 'بينها', 'الإرهاق', 'طول', 'الحرب،', 'وفق', 'الإعلام', 'الإسرائيلي', 'وقد', 'يتفاقم', 'النقص', 'عرائض', 'متواترة', 'يوقعها', 'إسرائيليون', 'بينهم', 'عسكريون،', 'للمطالبة', 'بإعادة', 'الأسرى،', 'بوقف', 'حرب', 'الإبادة،', 'وهي', 'باتت', 'تعرف', 'إعلاميا', 'بـعرائض', 'العصيان', 'ووفق', 'بيانات', 'موقع', 'عودة', 'إسرائيل', 'الحكومي،', 'يمكن', 'عبره', 'للإسرائيليين', 'توقيع', 'عرائض', 'إلكترونيا،', 'وقع', 'ألفا', 'السبت', 'عريضة،', 'وقعها', 'يزيد', 'آلاف', 'عسكريي', 'الاحتياط', 'والقدامى', 'تابع', 'الجزيرة']"
"أكد مسؤول أميركي تحقيق تقدم كبير في المحادثات مع إيران بشأن برنامجها النووي، بينما يتصاعد القلق في إسرائيل بشأن هذا المسار التفاوضي، واحتمال تقديم واشنطن ""تنازلات"" لإيران. ومن المنتظر عقد جولة ثالثة من المفاوضات الأميركية الإيرانية غير المباشرة في العاصمة العمانية مسقط، في إطار أول تواصل رفيع المستوى بين الجانبين منذ انسحاب الرئيس الأميركي دونالد ترامب من الاتفاق النووي عام 2018. وأفادت صحيفة واشنطن بوست نقلا عن مسؤول كبير في الإدارة الأميركية أنه تم تحقيق تقدم ""جيد للغاية"" في الجولة الثانية، التي عُقدت بالعاصمة الإيطالية روما أمس السبت. وستغطي المفاوضات المقبلة، التي ستركّز على ""التفاصيل الفنية""، جوانب رئيسية مثل المستويات القصوى لتخصيب اليورانيوم وحجم المخزون. ونقلت صحيفة نيويورك تايمز عن وزير الخارجية الإيراني عباس عراقجي قوله إن هذه المحادثات قد تُتيح فرصة ""لوضع التفاصيل"" في الأيام المقبلة.      في السياق نفسه، قال المدير العام للوكالة الدولية للطاقة الذرية رافائيل غروسي لصحيفة لا ريبوبليكا الإيطالية إن الاتفاق الأميركي الإيراني أصبح قريبا، وقد يتم إبرامه خلال أسابيع في ظل ""إرادة للتحرك بسرعة لتفادي الأسوأ"". لكنه أضاف أنه لا يمكن التوصل إلى اتفاق بشأن البرنامج النووي الإيراني من دون إمكانية التحقق على الأرض من قِبل الوكالة الدولية للطاقة الذرية. ورأى غروسي أن الوكالة الدولية قادرة على إيجاد حل تقني مع الخبراء الأميركيين والإيرانيين إذا توفرت الإرادة السياسية. من جانب آخر، أعلنت الرئاسة الإيرانية، اليوم الأحد، أن وزير الخارجية قدم تقريرا مفصلا للحكومة بشأن المفاوضات التي جرت في روما أمس. كما ذكرت الخارجية الإيرانية أن عراقجي أطلع نظيره السويسري على مستجدات المحادثات مع الولايات المتحدة.      بدوره، أوضح نائب وزير الخارجية الإيراني للشؤون القانونية والدولية كاظم غريب آبادي، في تصريحات لوكالة الأنباء الإيرانية، أن المحادثات الفنية بين الخبراء الأميركيين والإيرانيين في مسقط، الأربعاء المقبل، ستكون غير مباشرة أيضا. وسيجتمع بعد ذلك كبار المفاوضين من الجانبين في العاصمة العمانية يوم السبت المقبل لمراجعة عمل الخبراء. وبشأن وجود عرض أي اتفاق محتمل على البرلمان الإيراني لإقراره، أكد غريب آبادي أنه عندما يتم التوصل إلى مذكرة تفاهم مكتوبة سيُتخذ القرار القانوني اللازم. وفي وقت سابق، وصفت المتحدثة باسم الحكومة الإيرانية مسار المحادثات بالإيجابي، وقالت إن الهدف الرئيسي هو بحث الخطوات العملية لخفض التوتر وإيجاد أرضية للمحادثات الفنية مستقبلا.      في غضون ذلك، يتصاعد القلق في تل أبيب إزاء التقدم في المحادثات الأميركية الإيرانية، وفقا لما أوردته وسائل إعلام إسرائيلية. وقالت هيئة البث الإسرائيلية، اليوم الأحد، إن هناك ""قلقا كبيرا"" في إسرائيل من احتمال تقديم الولايات المتحدة تنازلات لإيران بشأن تخصيب اليورانيوم. وذكرت الهيئة أن إسرائيل تحاول إقامة قناة اتصال مباشرة مع الولايات المتحدة بشأن المحادثات مع إيران. ونقلت صحيفة يسرائيل هيوم عن مسؤول إسرائيلي قوله إنه سيصعب على إسرائيل القيام بعمل عسكري ضد إيران إذا وقعت واشنطن اتفاقا معها. وذكر المسؤول الإسرائيلي أن إدارة ترامب أوضحت أنه ""لا داعي للقلق"" في إسرائيل بشأن تقدم المحادثات مع إيران. ونقلت الصحيفة نفسها عن مسؤول في الإدارة الأميركية أن إسرائيل ستحصل على إحاطة بشأن المحادثات التي جرت في روما، مشيرا إلى أن العلاقات بين الإدارة وحكومة إسرائيل هي الأفضل على الإطلاق، وفق تعبيره.          تابع الجزيرة نت على:",3.39,"['أكد', 'مسؤول', 'أميركي', 'تحقيق', 'تقدم', 'كبير', 'المحادثات', 'إيران', 'بشأن', 'برنامجها', 'النووي،', 'بينما', 'يتصاعد', 'القلق', 'إسرائيل', 'بشأن', 'المسار', 'التفاوضي،', 'واحتمال', 'تقديم', 'واشنطن', 'تنازلات', 'لإيران', 'المنتظر', 'عقد', 'جولة', 'ثالثة', 'المفاوضات', 'الأميركية', 'الإيرانية', 'المباشرة', 'العاصمة', 'العمانية', 'مسقط،', 'إطار', 'تواصل', 'رفيع', 'المستوى', 'الجانبين', 'انسحاب', 'الرئيس', 'الأميركي', 'دونالد', 'ترامب', 'الاتفاق', 'النووي', 'عام', 'وأفادت', 'صحيفة', 'واشنطن', 'بوست', 'نقلا', 'مسؤول', 'كبير', 'الإدارة', 'الأميركية', 'أنه', 'تحقيق', 'تقدم', 'جيد', 'للغاية', 'الجولة', 'الثانية،', 'عُقدت', 'بالعاصمة', 'الإيطالية', 'روما', 'السبت', 'وستغطي', 'المفاوضات', 'المقبلة،', 'ستركّز', 'التفاصيل', 'الفنية،', 'جوانب', 'رئيسية', 'المستويات', 'القصوى', 'لتخصيب', 'اليورانيوم', 'وحجم', 'المخزون', 'ونقلت', 'صحيفة', 'نيويورك', 'تايمز', 'وزير', 'الخارجية', 'الإيراني', 'عباس', 'عراقجي', 'قوله', 'المحادثات', 'تُتيح', 'فرصة', 'لوضع', 'التفاصيل', 'الأيام', 'المقبلة', 'السياق', 'نفسه،', 'قال', 'المدير', 'العام', 'للوكالة', 'الدولية', 'للطاقة', 'الذرية', 'رافائيل', 'غروسي', 'لصحيفة', 'ريبوبليكا', 'الإيطالية', 'الاتفاق', 'الأميركي', 'الإيراني', 'قريبا،', 'وقد', 'يتم', 'إبرامه', 'خلال', 'أسابيع', 'إرادة', 'للتحرك', 'بسرعة', 'لتفادي', 'الأسوأ', 'لكنه', 'أضاف', 'أنه', 'يمكن', 'التوصل', 'اتفاق', 'بشأن', 'البرنامج', 'النووي', 'الإيراني', 'إمكانية', 'التحقق', 'الأرض', 'قِبل', 'الوكالة', 'الدولية', 'للطاقة', 'الذرية', 'ورأى', 'غروسي', 'الوكالة', 'الدولية', 'قادرة', 'إيجاد', 'تقني', 'الخبراء', 'الأميركيين', 'والإيرانيين', 'توفرت', 'الإرادة', 'السياسية', 'جانب', 'آخر،', 'أعلنت', 'الرئاسة', 'الإيرانية،', 'اليوم', 'الأحد،', 'وزير', 'الخارجية', 'قدم', 'تقريرا', 'مفصلا', 'للحكومة', 'بشأن', 'المفاوضات', 'جرت', 'روما', 'ذكرت', 'الخارجية', 'الإيرانية', 'عراقجي', 'أطلع', 'نظيره', 'السويسري', 'مستجدات', 'المحادثات', 'الولايات', 'المتحدة', 'بدوره،', 'أوضح', 'نائب', 'وزير', 'الخارجية', 'الإيراني', 'للشؤون', 'القانونية', 'والدولية', 'كاظم', 'غريب', 'آبادي،', 'تصريحات', 'لوكالة', 'الأنباء', 'الإيرانية،', 'المحادثات', 'الفنية', 'الخبراء', 'الأميركيين', 'والإيرانيين', 'مسقط،', 'الأربعاء', 'المقبل،', 'ستكون', 'مباشرة', 'وسيجتمع', 'كبار', 'المفاوضين', 'الجانبين', 'العاصمة', 'العمانية', 'يوم', 'السبت', 'المقبل', 'لمراجعة', 'عمل', 'الخبراء', 'وبشأن', 'وجود', 'عرض', 'اتفاق', 'محتمل', 'البرلمان', 'الإيراني', 'لإقراره،', 'أكد', 'غريب', 'آبادي', 'أنه', 'عندما', 'يتم', 'التوصل', 'مذكرة', 'تفاهم', 'مكتوبة', 'سيُتخذ', 'القرار', 'القانوني', 'اللازم', 'وفي', 'وقت', 'سابق،', 'وصفت', 'المتحدثة', 'باسم', 'الحكومة', 'الإيرانية', 'مسار', 'المحادثات', 'بالإيجابي،', 'وقالت', 'الهدف', 'الرئيسي', 'بحث', 'الخطوات', 'العملية', 'لخفض', 'التوتر', 'وإيجاد', 'أرضية', 'للمحادثات', 'الفنية', 'مستقبلا', 'غضون', 'ذلك،', 'يتصاعد', 'القلق', 'أبيب', 'التقدم', 'المحادثات', 'الأميركية', 'الإيرانية،', 'وفقا', 'أوردته', 'وسائل', 'إعلام', 'إسرائيلية', 'وقالت', 'هيئة', 'البث', 'الإسرائيلية،', 'اليوم', 'الأحد،', 'قلقا', 'كبيرا', 'إسرائيل', 'احتمال', 'تقديم', 'الولايات', 'المتحدة', 'تنازلات', 'لإيران', 'بشأن', 'تخصيب', 'اليورانيوم', 'وذكرت', 'الهيئة', 'إسرائيل', 'تحاول', 'إقامة', 'قناة', 'اتصال', 'مباشرة', 'الولايات', 'المتحدة', 'بشأن', 'المحادثات', 'إيران', 'ونقلت', 'صحيفة', 'يسرائيل', 'هيوم', 'مسؤول', 'إسرائيلي', 'قوله', 'سيصعب', 'إسرائيل', 'القيام', 'بعمل', 'عسكري', 'إيران', 'وقعت', 'واشنطن', 'اتفاقا', 'معها', 'وذكر', 'المسؤول', 'الإسرائيلي', 'إدارة', 'ترامب', 'أوضحت', 'أنه', 'داعي', 'للقلق', 'إسرائيل', 'بشأن', 'تقدم', 'المحادثات', 'إيران', 'ونقلت', 'الصحيفة', 'نفسها', 'مسؤول', 'الإدارة', 'الأميركية', 'إسرائيل', 'ستحصل', 'إحاطة', 'بشأن', 'المحادثات', 'جرت', 'روما،', 'مشيرا', 'العلاقات', 'الإدارة', 'وحكومة', 'إسرائيل', 'الأفضل', 'الإطلاق،', 'وفق', 'تعبيره', 'تابع', 'الجزيرة']"
"اسلام آباد- بدعوة من الجماعة الإسلامية في باكستان، احتشد مئات الآلاف من الباكستانيين في العاصمة الباكستانية إسلام آباد للتعبير عن دعمهم المستمر لغزة والقضية الفلسطينية، وللتنديد بالجرائم الإسرائيلية المتواصلة على قطاع غزة. وقد دعت الجماعة الإسلامية إلى السير باتجاه السفارة الأميركية في إسلام آباد احتجاجا على الدعم الأميركي المتواصل للجرائم الإسرائيلية في غزة، حيث قالت إن هذه المسيرة ستكون تحولاً في النشاط السياسي في باكستان. وقد اتخذت السلطات الباكستانية إجراءات أمنية مشددة حيث أغلقت بالحاويات جميع المناطق المؤدية إلى المنطقة الدبلوماسية في باكستان، وهو ما منع وصول المتظاهرين ودفع الجماعة الإسلامية لتغيير مكان تجمع المتظاهرين. وتدفق المتظاهرون من أماكن متفرقة من مدينة إسلام آباد ومن المدن الأخرى القريبة منها، حيث رفعوا الأعلام الفلسطينية ولافتات تعبر عن الدعم المستمر للشعب الفلسطيني. وفي كلمته، قال ""أمير"" الجماعة الإسلامية حافظ نعيم الرحمن، إن المسيرة تهدف إلى إيصال رسالة واضحة للعالم بأن الشعب الباكستاني يرفض الصمت الدولي تجاه ""مقتل الأطفال الأبرياء في فلسطين"".      وندد نعيم الرحمن بالصمت العربي والإسلامي والدولي تجاه ما ترتكبه قوات الاحتلال الإسرائيلي في غزة. كما دعا نعيم الرحمن إلى مقاطعة المنتجات الداعمة لإسرائيل، وطالب الحكومة بمزيد من الجهود للضغط على مستوى دولي لوقف الإبادة الجماعية في غزة. وكانت الجماعة الإسلامية قد نظمت عدة مظاهرات الأسبوع الماضي أهمها مظاهرة حاشدة في كراتشي، ومظاهرة أخرى في مدينة لاهور عاصمة إقليم البنجاب شرق باكستان، وتعهدت باستمرار الحراك الشعبي في باكستان حتى وقف الحرب الإسرائيلية على قطاع غزة.          تابع الجزيرة نت على:",4.19,"['اسلام', 'آباد', 'بدعوة', 'الجماعة', 'الإسلامية', 'باكستان،', 'احتشد', 'مئات', 'الآلاف', 'الباكستانيين', 'العاصمة', 'الباكستانية', 'إسلام', 'آباد', 'للتعبير', 'دعمهم', 'المستمر', 'لغزة', 'والقضية', 'الفلسطينية،', 'وللتنديد', 'بالجرائم', 'الإسرائيلية', 'المتواصلة', 'قطاع', 'غزة', 'وقد', 'دعت', 'الجماعة', 'الإسلامية', 'السير', 'باتجاه', 'السفارة', 'الأميركية', 'إسلام', 'آباد', 'احتجاجا', 'الدعم', 'الأميركي', 'المتواصل', 'للجرائم', 'الإسرائيلية', 'غزة،', 'قالت', 'المسيرة', 'ستكون', 'تحولاً', 'النشاط', 'السياسي', 'باكستان', 'وقد', 'اتخذت', 'السلطات', 'الباكستانية', 'إجراءات', 'أمنية', 'مشددة', 'أغلقت', 'بالحاويات', 'المناطق', 'المؤدية', 'المنطقة', 'الدبلوماسية', 'باكستان،', 'منع', 'وصول', 'المتظاهرين', 'ودفع', 'الجماعة', 'الإسلامية', 'لتغيير', 'مكان', 'تجمع', 'المتظاهرين', 'وتدفق', 'المتظاهرون', 'أماكن', 'متفرقة', 'مدينة', 'إسلام', 'آباد', 'المدن', 'الأخرى', 'القريبة', 'منها،', 'رفعوا', 'الأعلام', 'الفلسطينية', 'ولافتات', 'تعبر', 'الدعم', 'المستمر', 'للشعب', 'الفلسطيني', 'وفي', 'كلمته،', 'قال', 'أمير', 'الجماعة', 'الإسلامية', 'حافظ', 'نعيم', 'الرحمن،', 'المسيرة', 'تهدف', 'إيصال', 'رسالة', 'واضحة', 'للعالم', 'بأن', 'الشعب', 'الباكستاني', 'يرفض', 'الصمت', 'الدولي', 'مقتل', 'الأطفال', 'الأبرياء', 'فلسطين', 'وندد', 'نعيم', 'الرحمن', 'بالصمت', 'العربي', 'والإسلامي', 'والدولي', 'ترتكبه', 'قوات', 'الاحتلال', 'الإسرائيلي', 'غزة', 'دعا', 'نعيم', 'الرحمن', 'مقاطعة', 'المنتجات', 'الداعمة', 'لإسرائيل،', 'وطالب', 'الحكومة', 'بمزيد', 'الجهود', 'للضغط', 'مستوى', 'دولي', 'لوقف', 'الإبادة', 'الجماعية', 'غزة', 'وكانت', 'الجماعة', 'الإسلامية', 'نظمت', 'عدة', 'مظاهرات', 'الأسبوع', 'الماضي', 'أهمها', 'مظاهرة', 'حاشدة', 'كراتشي،', 'ومظاهرة', 'أخرى', 'مدينة', 'لاهور', 'عاصمة', 'إقليم', 'البنجاب', 'شرق', 'باكستان،', 'وتعهدت', 'باستمرار', 'الحراك', 'الشعبي', 'باكستان', 'وقف', 'الحرب', 'الإسرائيلية', 'قطاع', 'غزة', 'تابع', 'الجزيرة']"
"أصدرت الرئاسة السورية، اليوم الأحد، بيانا توضيحيا بشأن حضور جمال الشرع، شقيق الرئيس أحمد الشرع، فعالية نظمها رجل أعمال من دير الزور شرقي البلاد، وأثارت جدلا كبيرا في سوريا. ونشر ناشطون سوريون على منصات التواصل الاجتماعي صورا تظهر شقيق الرئيس جالسا إلى جانب وزير الثقافة محمد الصالح خلال الفعالية التي نظمها رجل أعمال يُدعى فرحان المرسومي. كما أظهر مقطع مصور شخصين يضع كل منهما عباءة تقليدية على كتفي جمال الشرع والصالح داخل ""مضافة المرسومي"". أول ظهور لـ #جمال_الشرع الشقيق الثالث لرئيس سوريا في المرحلة الانتقالية  #أحمد_الشرع خلال لقاء جدلي جمع أيضا وزير الثقافة #محمد_صالح في مضافة #فرحان_المرسومي. اللقاء كان جدليا لأن المرسومي يعد أحد أبرز الأذرع الإيرانية في سوريا في عهد نظام الأسد المخلوت، حيث ساهم في تجنيد… pic.twitter.com/PJ0K9VbuN7 — Bahaa Dabous (@Bahaa_Dabous) April 17, 2025  وأثار حضور شقيق الرئيس السوري هذه الفعالية جدلا على مواقع التواصل الاجتماعي، إذ تحدث ناشطون عن علاقة مفترضة لرجل الأعمال السوري بالنظام السابق وإيران وتجارة المخدرات. وفي البيان التوضيحي الذي أصدرته اليوم، علّقت الرئاسة السورية على وجود شخصيات حكومية وشقيق الرئيس في الفعالية التي قال ناشطون إنها تمت في دمشق. تصريح توضيحي حول الفعالية التي جرت في مضافة المرسومي#رئاسة_الجمهورية_العربية_السورية pic.twitter.com/24RiKvkbU9 — رئاسة الجمهورية العربية السورية (@SyPresidency) April 20, 2025  وقال البيان إن جمال الشرع لا يشغل أي وظيفة في مؤسسات الدولة ولا يتمتع بأي امتيازات رسمية. وأضاف أنه دُعي إلى الفعالية من قِبل الجهة المنظمة لها بصفته الشخصية، مشددا على أن جميع المواطنين متساوون أمام القانون.          تابع الجزيرة نت على:",5.4,"['أصدرت', 'الرئاسة', 'السورية،', 'اليوم', 'الأحد،', 'بيانا', 'توضيحيا', 'بشأن', 'حضور', 'جمال', 'الشرع،', 'شقيق', 'الرئيس', 'أحمد', 'الشرع،', 'فعالية', 'نظمها', 'رجل', 'أعمال', 'دير', 'الزور', 'شرقي', 'البلاد،', 'وأثارت', 'جدلا', 'كبيرا', 'سوريا', 'ونشر', 'ناشطون', 'سوريون', 'منصات', 'التواصل', 'الاجتماعي', 'صورا', 'تظهر', 'شقيق', 'الرئيس', 'جالسا', 'جانب', 'وزير', 'الثقافة', 'محمد', 'الصالح', 'خلال', 'الفعالية', 'نظمها', 'رجل', 'أعمال', 'يُدعى', 'فرحان', 'المرسومي', 'أظهر', 'مقطع', 'مصور', 'شخصين', 'يضع', 'منهما', 'عباءة', 'تقليدية', 'كتفي', 'جمال', 'الشرع', 'والصالح', 'داخل', 'مضافة', 'المرسومي', 'ظهور', 'جمالالشرع', 'الشقيق', 'الثالث', 'لرئيس', 'سوريا', 'المرحلة', 'الانتقالية', 'أحمدالشرع', 'خلال', 'لقاء', 'جدلي', 'جمع', 'وزير', 'الثقافة', 'محمدصالح', 'مضافة', 'فرحانالمرسومي', 'اللقاء', 'جدليا', 'لأن', 'المرسومي', 'يعد', 'أبرز', 'الأذرع', 'الإيرانية', 'سوريا', 'عهد', 'نظام', 'الأسد', 'المخلوت،', 'ساهم', 'تجنيد', 'وأثار', 'حضور', 'شقيق', 'الرئيس', 'السوري', 'الفعالية', 'جدلا', 'مواقع', 'التواصل', 'الاجتماعي،', 'تحدث', 'ناشطون', 'علاقة', 'مفترضة', 'لرجل', 'الأعمال', 'السوري', 'بالنظام', 'السابق', 'وإيران', 'وتجارة', 'المخدرات', 'وفي', 'البيان', 'التوضيحي', 'أصدرته', 'اليوم،', 'علّقت', 'الرئاسة', 'السورية', 'وجود', 'شخصيات', 'حكومية', 'وشقيق', 'الرئيس', 'الفعالية', 'قال', 'ناشطون', 'إنها', 'تمت', 'دمشق', 'تصريح', 'توضيحي', 'حول', 'الفعالية', 'جرت', 'مضافة', 'المرسوميرئاسةالجمهوريةالعربيةالسورية', 'رئاسة', 'الجمهورية', 'العربية', 'السورية', 'وقال', 'البيان', 'جمال', 'الشرع', 'يشغل', 'وظيفة', 'مؤسسات', 'الدولة', 'يتمتع', 'بأي', 'امتيازات', 'رسمية', 'وأضاف', 'أنه', 'دُعي', 'الفعالية', 'قِبل', 'الجهة', 'المنظمة', 'بصفته', 'الشخصية،', 'مشددا', 'المواطنين', 'متساوون', 'القانون', 'تابع', 'الجزيرة']"
"قال خبيران عسكريان إن المشاهد التي بثها مقاتلو حركة المقاومة الإسلامية (حماس) ""أسطورية""، وتؤكد قدرة المقاومة في قطاع غزة على تنفيذ عمليات نوعية ضد جيش الاحتلال عندما تدخل المواجهة ضمن المدى القتالي. وأوضح الخبير العسكري اللواء محمد الصمادي، في حديثه للجزيرة، أن صمت المقاومة في الفترة الماضية ""لا يعني عدم قدرتها على تنفيذ عمليات عسكرية""، مشيرا إلى أن الظروف التعبوية كانت غير ملائمة لكي تكون معركة تصادمية. وأكد الصمادي أن المقاومة، رغم الأحزمة النارية وسياسة الأرض المحروقة الإسرائيلية، كانت في مرحلة كُمون إستراتيجي، وتنتظر الفرصة المناسبة لاستهداف القوات والآليات الإسرائيلية. وبثت الجزيرة، الأحد، مشاهد حصرية توثق استهداف مقاتلي كتائب القسام، الجناح العسكري لحركة حماس، آليات إسرائيلية على تخوم حي التفاح شرقي مدينة غزة. وأظهرت المشاهد خروج عناصر القسام من أحد الأنفاق ومهاجمة دبابتين إسرائيليتين بقذائف ""الياسين 105"" المضادة للدروع، إذ سُمعت كلمة ""ولعت""، في إشارة إلى إصابة الدبابتين بصورة مباشرة واشتعال النيران فيهما. كما تم استهداف دبابة إسرائيلية ثالثة من وسط أحد المنازل المدمرة وإصابتها عبر قذيفة مضادة للدروع.      وتؤكد هذه المشاهد -وفق الخبير العسكري- فعالية شبكة الأنفاق وترميم بعضها، إضافة إلى قدرة قيادات المقاومة على تنظيم العمل القتالي وتوجيه المقاومين في العقد القتالية. ووفق الصمادي، فإن المقاومة تستخدم نظام ""اضرب واهرب"" في حرب العصابات من خلال استهداف قوات الاحتلال وآلياته ثم الاختفاء. وتزيد المقاومة بعملياتها وكمائنها الأمور تعقيدا على جيش الاحتلال وتعرضه لخسائر بشرية ومادية، وتثبت صدق سرديتها بأنها تستهدف قوات الاحتلال، خاصة عندما يدخل إلى مناطق الكمائن وبعضها معد مسبقا. وخلص إلى أن ما تقوم به المقاومة ""أسطوري، ولا يمكن تفسيره من الناحية العسكرية""، خاصة بعد استئناف الحرب منذ 34 يوما و50 يوما من الحصار المطبق على القطاع، ومرور أكثر من 560 يوما على اندلاع الحرب. وفي حين أقر أن ظروف المقاومة ليست مثالية في ظل السيادة الجوية لجيش الاحتلال واقتطاعه المزيد من أراضي القطاع وتقسيمه، قال الصمادي إن ""المقاومة سوف تستمر بكل ما أوتيت من قوة"".      بدوره، أشار الخبير العسكري اللواء فايز الدويري إلى أن عمليات المقاومة بدأت في الظهور خلال الأيام القليلة الماضية في شمال القطاع وجنوبه بعد مرور شهر بلا عمليات تقريبا عقب استئناف إسرائيل الحرب وزجها بفرق عسكرية مجددا. ووفق الدويري، فإن رئيس الأركان الإسرائيلي إيال زامير يتبنى فكرة خوض حرب تفضي إلى تحقيق مطالب رئيس الوزراء بنيامين نتنياهو من دون دفع ""ضريبة الدم""، كما وصفها. وتتلخص فكرة زامير بالإفراط في استخدام القوة الجوية والنيران بعيدة المدى من دون الزج بالقوات إلى نقاط التحام مباشرة عبر التمركز في مناطق مرتفعة، ومن ثم بدء عملية توسع متدرج. وحسب الخبير العسكري، فإن أسلحة المقاومة تقتصر على القذائف المضادة للدروع التي لا تزيد نطاقها عن 130 مترا، إضافة إلى العبوات الناسفة والكمائن. وبناء على ذلك، نفذت المقاومة عمليات ضد الاحتلال عندما توفرت المسافة الصفرية والمدى القتالي المتاح مع تعمّق التوغل الإسرائيلي. وأكد الدويري أن المقاومة أعادت مقاربتها الدفاعية وبقيت في الأنفاق ترصد وتراقب محتفظة بقدراتها تحسبا لاستمرار الحرب، لافتا إلى أنها تقوم بـ""رد الفعل، ولا تريد التأثير على مسار المفاوضات السياسية"". وهذه الصور الأولى من نوعها التي تبثها القسام لمعارك غزة، منذ استئناف إسرائيل الحرب على قطاع غزة، عقب تنصلها من اتفاق وقف إطلاق النار وتبادل الأسرى، الذي أبرمته مع المقاومة الفلسطينية في يناير/كانون الثاني الماضي.          تابع الجزيرة نت على:",4.28,"['قال', 'خبيران', 'عسكريان', 'المشاهد', 'بثها', 'مقاتلو', 'حركة', 'المقاومة', 'الإسلامية', 'حماس', 'أسطورية،', 'وتؤكد', 'قدرة', 'المقاومة', 'قطاع', 'غزة', 'تنفيذ', 'عمليات', 'نوعية', 'جيش', 'الاحتلال', 'عندما', 'تدخل', 'المواجهة', 'ضمن', 'المدى', 'القتالي', 'وأوضح', 'الخبير', 'العسكري', 'اللواء', 'محمد', 'الصمادي،', 'حديثه', 'للجزيرة،', 'صمت', 'المقاومة', 'الفترة', 'الماضية', 'يعني', 'عدم', 'قدرتها', 'تنفيذ', 'عمليات', 'عسكرية،', 'مشيرا', 'الظروف', 'التعبوية', 'كانت', 'ملائمة', 'تكون', 'معركة', 'تصادمية', 'وأكد', 'الصمادي', 'المقاومة،', 'رغم', 'الأحزمة', 'النارية', 'وسياسة', 'الأرض', 'المحروقة', 'الإسرائيلية،', 'كانت', 'مرحلة', 'كُمون', 'إستراتيجي،', 'وتنتظر', 'الفرصة', 'المناسبة', 'لاستهداف', 'القوات', 'والآليات', 'الإسرائيلية', 'وبثت', 'الجزيرة،', 'الأحد،', 'مشاهد', 'حصرية', 'توثق', 'استهداف', 'مقاتلي', 'كتائب', 'القسام،', 'الجناح', 'العسكري', 'لحركة', 'حماس،', 'آليات', 'إسرائيلية', 'تخوم', 'التفاح', 'شرقي', 'مدينة', 'غزة', 'وأظهرت', 'المشاهد', 'خروج', 'عناصر', 'القسام', 'الأنفاق', 'ومهاجمة', 'دبابتين', 'إسرائيليتين', 'بقذائف', 'الياسين', 'المضادة', 'للدروع،', 'سُمعت', 'كلمة', 'ولعت،', 'إشارة', 'إصابة', 'الدبابتين', 'بصورة', 'مباشرة', 'واشتعال', 'النيران', 'فيهما', 'استهداف', 'دبابة', 'إسرائيلية', 'ثالثة', 'وسط', 'المنازل', 'المدمرة', 'وإصابتها', 'عبر', 'قذيفة', 'مضادة', 'للدروع', 'وتؤكد', 'المشاهد', 'وفق', 'الخبير', 'العسكري', 'فعالية', 'شبكة', 'الأنفاق', 'وترميم', 'بعضها،', 'إضافة', 'قدرة', 'قيادات', 'المقاومة', 'تنظيم', 'العمل', 'القتالي', 'وتوجيه', 'المقاومين', 'العقد', 'القتالية', 'ووفق', 'الصمادي،', 'المقاومة', 'تستخدم', 'نظام', 'اضرب', 'واهرب', 'حرب', 'العصابات', 'خلال', 'استهداف', 'قوات', 'الاحتلال', 'وآلياته', 'الاختفاء', 'وتزيد', 'المقاومة', 'بعملياتها', 'وكمائنها', 'الأمور', 'تعقيدا', 'جيش', 'الاحتلال', 'وتعرضه', 'لخسائر', 'بشرية', 'ومادية،', 'وتثبت', 'صدق', 'سرديتها', 'بأنها', 'تستهدف', 'قوات', 'الاحتلال،', 'عندما', 'يدخل', 'مناطق', 'الكمائن', 'وبعضها', 'معد', 'مسبقا', 'وخلص', 'تقوم', 'المقاومة', 'أسطوري،', 'يمكن', 'تفسيره', 'الناحية', 'العسكرية،', 'استئناف', 'الحرب', 'يوما', 'يوما', 'الحصار', 'المطبق', 'القطاع،', 'ومرور', 'يوما', 'اندلاع', 'الحرب', 'وفي', 'أقر', 'ظروف', 'المقاومة', 'مثالية', 'السيادة', 'الجوية', 'لجيش', 'الاحتلال', 'واقتطاعه', 'المزيد', 'أراضي', 'القطاع', 'وتقسيمه،', 'قال', 'الصمادي', 'المقاومة', 'تستمر', 'بكل', 'أوتيت', 'قوة', 'بدوره،', 'أشار', 'الخبير', 'العسكري', 'اللواء', 'فايز', 'الدويري', 'عمليات', 'المقاومة', 'بدأت', 'الظهور', 'خلال', 'الأيام', 'القليلة', 'الماضية', 'القطاع', 'وجنوبه', 'مرور', 'شهر', 'بلا', 'عمليات', 'تقريبا', 'عقب', 'استئناف', 'إسرائيل', 'الحرب', 'وزجها', 'بفرق', 'عسكرية', 'مجددا', 'ووفق', 'الدويري،', 'رئيس', 'الأركان', 'الإسرائيلي', 'إيال', 'زامير', 'يتبنى', 'فكرة', 'خوض', 'حرب', 'تفضي', 'تحقيق', 'مطالب', 'رئيس', 'الوزراء', 'بنيامين', 'نتنياهو', 'دفع', 'ضريبة', 'الدم،', 'وصفها', 'وتتلخص', 'فكرة', 'زامير', 'بالإفراط', 'استخدام', 'القوة', 'الجوية', 'والنيران', 'بعيدة', 'المدى', 'الزج', 'بالقوات', 'نقاط', 'التحام', 'مباشرة', 'عبر', 'التمركز', 'مناطق', 'مرتفعة،', 'بدء', 'عملية', 'توسع', 'متدرج', 'وحسب', 'الخبير', 'العسكري،', 'أسلحة', 'المقاومة', 'تقتصر', 'القذائف', 'المضادة', 'للدروع', 'تزيد', 'نطاقها', 'مترا،', 'إضافة', 'العبوات', 'الناسفة', 'والكمائن', 'وبناء', 'ذلك،', 'نفذت', 'المقاومة', 'عمليات', 'الاحتلال', 'عندما', 'توفرت', 'المسافة', 'الصفرية', 'والمدى', 'القتالي', 'المتاح', 'تعمّق', 'التوغل', 'الإسرائيلي', 'وأكد', 'الدويري', 'المقاومة', 'أعادت', 'مقاربتها', 'الدفاعية', 'وبقيت', 'الأنفاق', 'ترصد', 'وتراقب', 'محتفظة', 'بقدراتها', 'تحسبا', 'لاستمرار', 'الحرب،', 'لافتا', 'أنها', 'تقوم', 'بـرد', 'الفعل،', 'تريد', 'التأثير', 'مسار', 'المفاوضات', 'السياسية', 'وهذه', 'الصور', 'الأولى', 'نوعها', 'تبثها', 'القسام', 'لمعارك', 'غزة،', 'استئناف', 'إسرائيل', 'الحرب', 'قطاع', 'غزة،', 'عقب', 'تنصلها', 'اتفاق', 'وقف', 'إطلاق', 'النار', 'وتبادل', 'الأسرى،', 'أبرمته', 'المقاومة', 'الفلسطينية', 'ينايركانون', 'الثاني', 'الماضي', 'تابع', 'الجزيرة']"
"استشهد مقاوم فلسطيني وأصيب طفل بجروح خطيرة، خلال مواجهات مع قوات الاحتلال الإسرائيلي في نابلس بالضفة الغربية، فيما نفذ مستوطنون اعتداءات على السكان. وقال مراسل الجزيرة إن مقاوما فلسطينيا أطلق الأحد النار أمام مستوطنة ""حومش"" الواقعة بين مدينتي نابلس وجنين شمالي الضفة الغربية. وذكرت القناة الـ14 الإسرائيلية أن قوات الجيش أطلقت النار على فلسطيني أطلق النار على قوة عسكرية قرب المستوطنة. وقال الجيش الإسرائيلي إن قواته اشتبكت مع مسلح أطلق النار عليها عند الحاجز وقتلته دون وقوع إصابات في صفوفها. وقد دفعت قوات الاحتلال بقوات إلى مستوطنة ""حومش"" وأغلقت الطريق الواصل بين مدينتي جنين ونابلس. وأفادت مصادر للجزيرة بأن مستوطنين هاجموا مركبات فلسطينيين عند الحاجز بعد عملية إطلاق النار، مؤكدة أن قوات الاحتلال تغلق الطريق بين نابلس وجنين بعد العملية. ووفق معلومات ميدانية، فإن المقاوم قد أوقف مركبة أمام حاجز قوات الاحتلال وشرع بالتكبير وفتح بندقية أوتوماتيكية تجاه الجنود، عند مدخل مستوطنة ""حومش"".      في السياق ذاته، أصيب مساء الأحد طفل فلسطيني بجروح خطيرة، بعد إطلاق الجيش الإسرائيلي النار عليه بمدينة نابلس شمالي الضفة الغربية. وقالت وكالة الأنباء الرسمية الفلسطينية إن قوات الاحتلال اقتحمت منطقة المساكن الشعبية شرقي المدينة (نابلس)، ما أدى لاندلاع مواجهات تخللها إطلاق الرصاص الحي وقنابل الغاز السام من القوات الإسرائيلية. وأسفرت المواجهات عن إصابة طفل (16 عاما) بالرصاص الحي في ظهره. وأضافت الوكالة أن الطفل نقل إلى المستشفى حيث وصفت حالته بالخطيرة. وبالتوازي مع حرب الإبادة الجماعية في غزة صعّد الجيش الإسرائيلي والمستوطنون اعتداءاتهم بالضفة الغربية، بما فيها القدس الشرقية، ما أدى إلى استشهاد أكثر من 952 فلسطينيا، وإصابة قرابة 7 آلاف آخرين، واعتقال 16 ألفا و400، وفق معطيات فلسطينية. وبدعم أميركي مطلق، ترتكب إسرائيل، منذ 7 أكتوبر/تشرين الأول 2023، إبادة جماعية بغزة خلّفت أكثر من 168 ألف شهيد وجريح فلسطيني، معظمهم أطفال ونساء، وما يزيد على 11 ألف مفقود.          تابع الجزيرة نت على:",3.7,"['استشهد', 'مقاوم', 'فلسطيني', 'وأصيب', 'طفل', 'بجروح', 'خطيرة،', 'خلال', 'مواجهات', 'قوات', 'الاحتلال', 'الإسرائيلي', 'نابلس', 'بالضفة', 'الغربية،', 'نفذ', 'مستوطنون', 'اعتداءات', 'السكان', 'وقال', 'مراسل', 'الجزيرة', 'مقاوما', 'فلسطينيا', 'أطلق', 'الأحد', 'النار', 'مستوطنة', 'حومش', 'الواقعة', 'مدينتي', 'نابلس', 'وجنين', 'شمالي', 'الضفة', 'الغربية', 'وذكرت', 'القناة', 'الـ', 'الإسرائيلية', 'قوات', 'الجيش', 'أطلقت', 'النار', 'فلسطيني', 'أطلق', 'النار', 'قوة', 'عسكرية', 'قرب', 'المستوطنة', 'وقال', 'الجيش', 'الإسرائيلي', 'قواته', 'اشتبكت', 'مسلح', 'أطلق', 'النار', 'عليها', 'الحاجز', 'وقتلته', 'وقوع', 'إصابات', 'صفوفها', 'وقد', 'دفعت', 'قوات', 'الاحتلال', 'بقوات', 'مستوطنة', 'حومش', 'وأغلقت', 'الطريق', 'الواصل', 'مدينتي', 'جنين', 'ونابلس', 'وأفادت', 'مصادر', 'للجزيرة', 'بأن', 'مستوطنين', 'هاجموا', 'مركبات', 'فلسطينيين', 'الحاجز', 'عملية', 'إطلاق', 'النار،', 'مؤكدة', 'قوات', 'الاحتلال', 'تغلق', 'الطريق', 'نابلس', 'وجنين', 'العملية', 'ووفق', 'معلومات', 'ميدانية،', 'المقاوم', 'أوقف', 'مركبة', 'حاجز', 'قوات', 'الاحتلال', 'وشرع', 'بالتكبير', 'وفتح', 'بندقية', 'أوتوماتيكية', 'الجنود،', 'مدخل', 'مستوطنة', 'حومش', 'السياق', 'ذاته،', 'أصيب', 'الأحد', 'طفل', 'فلسطيني', 'بجروح', 'خطيرة،', 'إطلاق', 'الجيش', 'الإسرائيلي', 'النار', 'بمدينة', 'نابلس', 'شمالي', 'الضفة', 'الغربية', 'وقالت', 'وكالة', 'الأنباء', 'الرسمية', 'الفلسطينية', 'قوات', 'الاحتلال', 'اقتحمت', 'منطقة', 'المساكن', 'الشعبية', 'شرقي', 'المدينة', 'نابلس،', 'أدى', 'لاندلاع', 'مواجهات', 'تخللها', 'إطلاق', 'الرصاص', 'الحي', 'وقنابل', 'الغاز', 'السام', 'القوات', 'الإسرائيلية', 'وأسفرت', 'المواجهات', 'إصابة', 'طفل', 'عاما', 'بالرصاص', 'الحي', 'ظهره', 'وأضافت', 'الوكالة', 'الطفل', 'نقل', 'المستشفى', 'وصفت', 'حالته', 'بالخطيرة', 'وبالتوازي', 'حرب', 'الإبادة', 'الجماعية', 'غزة', 'صعّد', 'الجيش', 'الإسرائيلي', 'والمستوطنون', 'اعتداءاتهم', 'بالضفة', 'الغربية،', 'القدس', 'الشرقية،', 'أدى', 'استشهاد', 'فلسطينيا،', 'وإصابة', 'قرابة', 'آلاف', 'آخرين،', 'واعتقال', 'ألفا', 'وفق', 'معطيات', 'فلسطينية', 'وبدعم', 'أميركي', 'مطلق،', 'ترتكب', 'إسرائيل،', 'أكتوبرتشرين', 'الأول', 'إبادة', 'جماعية', 'بغزة', 'خلّفت', 'شهيد', 'وجريح', 'فلسطيني،', 'معظمهم', 'أطفال', 'ونساء،', 'يزيد', 'مفقود', 'تابع', 'الجزيرة']"
"تعطي الحرب الإسرائيلية المتجددة في غزة، إلى جانب تصريحات المسؤولين السياسيين، مؤشرات واضحة على نوايا إسرائيل تجاه القطاع. وفي هذا التقرير، يشرح خبراء مجموعة الأزمات الدولية لماذا تنذر هذه الخطط، في حال تنفيذها، بمزيد من إراقة الدماء وزرع بذور صراعات جديدة في المستقبل. جددت إسرائيل هجومها العسكري على غزة في 18 مارس/آذار الماضي، لتنهي بذلك وقف إطلاق النار الذي بدأ في 19 يناير/كانون الثاني. ويتسم الهجوم الجديد بتكتيكات أكثر شراسة، فإلى جانب استهداف حركة المقاومة الإسلامية (حماس)، يسعى القادة الإسرائيليون إلى تدمير القطاع ودك البنية التحتية وتصفية كبار المسؤولين المدنيين التابعين للحركة (بعد أن كان التركيز سابقا على القيادات العسكرية والسياسية). يسيطر الجيش الإسرائيلي على مساحات واسعة من غزة، في خطوة تهدف إلى تقسيم القطاع بشكل دائم. وقد طوّقت القوات الإسرائيلية معظم مدينة رفح، أقصى جنوب القطاع، وتخطط لهدمها بالكامل تقريبا، بينما تحتل الشريط الذي يفصل غزة عن الحدود المصرية، لتجعل الوصول إلى القطاع محصورا عبر إسرائيل فقط. وتجبر الغارات الجوية وأوامر الإخلاء نحو 2.2 مليون فلسطيني على التكدس في بقع ساحلية ضيقة، محولة معظم مناطق غزة إلى مناطق محظورة. ومنذ استئناف الحرب، استشهد أكثر من 1600 فلسطيني ثلثهم من الأطفال. وتجاوز عدد الشهداء 51 ألفا منذ بدء الحرب في أكتوبر/تشرين الأول 2023. ولا تزال آلاف الجثث تحت الأنقاض، بينما توفي آلاف آخرون نتيجة نقص الرعاية الطبية وغيرها من الأسباب غير المباشرة. كما تفاقمت الكارثة الإنسانية بسرعة، خصوصا بعد فرض إسرائيل حصارا كاملا منذ أوائل مارس/آذار الماضي، حيث منعت دخول شاحنات المساعدات.      وبدعم أميركي، ترفض حكومة بنيامين نتنياهو وقف الحرب بل وترغب في تعزيز السيطرة على غزة، وتتحدث عما تسميه ""الهجرة الطوعية"" أي الترحيل الجماعي للفلسطينيين من القطاع وفق خطة تحدث عنها الرئيس الأميركي دونالد ترامب، عقب لقاء مع نتنياهو، وتقضي بنقل سكان غزة وإقامة ""ريفييرا الشرق الأوسط"" في القطاع. وتواجه إسرائيل تحديات نتيجة حالة الغموض الذي يلف مصير أسراها في غزة، وسط قلق الإسرائيليين من تعرض حياة من بقي من هؤلاء الأسرى للخطر. كما تثير تحركات نتنياهو الداخلية قلقا بشأن تقويض أجهزة الرقابة على السلطة التنفيذية، بمحاولاته إقالة كل من المستشارة القضائية الحكومية ورئيس جهاز الأمن الداخلي (الشاباك) في غياب دستور مكتوب في إسرائيل يحد من صلاحيات الحكومة. وفي مؤشر على تصاعد الاستياء، تسجل قوات الاحتياط -وهي الجزء الأكبر من القوات القتالية الإسرائيلية- معدلات غياب غير مسبوقة، إذ يتخلف عدد متزايد من الجنود عن الالتحاق بالخدمة. وتتعدد أسباب هذا التململ بين الإحباط من الاستدعاءات المتكررة، والغضب من إصرار حكومة نتنياهو على إعفاء اليهود المتدينين (الحريديم) من الخدمة العسكرية. ومع أن هذا الرفض يزداد صخبا واتساعا، فإنه لا يزال متفرقا وعاجزا حتى الآن عن وقف عجلة الحرب التي تواصل الحكومة دفعها إلى الأمام.      عرض نتنياهو خلال اجتماع حكومته في 30 مارس/آذار الماضي، خطته لما سماه ""المرحلة النهائية"" للحرب في غزة، بإلقاء حماس سلاحها ومغادرة قادتها على أن تتولى حكومته مسؤولية القطاع، مع تهيئة الظروف لطرد السكان. وتهدف هذه الخطة إلى تحقيق 3 أهداف رئيسية: أولا:
تدمير ""القدرات العسكرية والحكومية"" لحماس، والإفراج عن جميع الإسرائيليين المحتجزين منذ هجوم 7 أكتوبر/تشرين الأول عام 2023. ويؤكد قادة إسرائيل أن حماس قد أُضعفت بشدة، وأنه يمكن إجبارها على تسليم جميع المحتجزين المتبقين مقابل تنازلات إسرائيلية أقل مما نص عليه اتفاق وقف إطلاق النار في يناير/كانون الثاني. وتعتمد الإستراتيجية الإسرائيلية على قطع إمدادات الغذاء والدواء وكل أشكال المساعدات عن سكان غزة وهو إجراء مدان دوليا لأنه أحد أشكال العقاب الجماعي. وبالفعل فقد اتسع نطاق الحصار وطال أمده لفترة أطول مع هدف معلن هو جعل غزة غير قابلة للحكم. ومن السمات الجديدة أيضا -وبموافقة من إدارة ترامب للتخلي عن اتفاق وقف إطلاق النار الذي توسطت فيه واشنطن نفسها في يناير/كانون الثاني- إتمام المهمة بالقوة. وتنفيذ هذه الإستراتيجية مدعوم بتقارب أوثق بين القيادتين العسكرية والسياسية في إسرائيل، وتشمل إبقاء القوات داخل القطاع لفترة طويلة وفرض إدارة عسكرية وسلسلة توزيع مساعدات تديرها إسرائيل بزعم أن حماس تستفيد من هذه المساعدات وهو ادعاء لم يثبت. ثانيا: تسعى إسرائيل لإعادة تشكيل التركيبة السكانية والجغرافية والبنية الأمنية في غزة بشكل دائم، بمعزل عن وجود حماس، إذ باتت القوات الإسرائيلية تسيطر بشكل مباشر على ما لا يقل عن 50% من أراضي القطاع. وقد وسّعت القوات الإسرائيلية المنطقة العازلة المحيطة بحدود غزة، مما أجبر المدنيين على التجمع في مناطق ساحلية صغيرة قرب خان يونس ودير البلح في جنوب ووسط القطاع، وكذلك حول مدينة غزة في الشمال. وقد نزح حوالي 400 ألف شخص مجددا. وهذه التجمعات مفصولة بمحور نتساريم، وهو ممر يمتد من الشرق إلى الغرب كانت القوات الإسرائيلية قد أنشأته خلال الحرب، ثم تخلت عنه بموجب اتفاق وقف إطلاق النار، وأعادت السيطرة عليه في أواخر مارس/آذار. وتشير تقارير الأمم المتحدة إلى أن 69% من أراضي غزة أصبحت الآن مناطق محظورة، إما خاضعة لسيطرة إسرائيلية أو مشمولة بأوامر إخلاء. كما تعمل القوات الإسرائيلية على تسوية ممرات أخرى بالأرض، مما يجعل القطاع غير متصل جغرافيا على غرار الضفة الغربية. وتواصل إسرائيل تنفيذ خططها لهدم مدينة رفح بالكامل تقريبا، وكان يقطنها قبل الحرب نحو 200 ألف نسمة. وباستيلائها على رفح، تفرض إسرائيل فعليا سيطرة كاملة على جميع نقاط الدخول والخروج من قطاع غزة. ثالثا:
ترى الحكومة الإسرائيلية اليمينية المتطرفة في ظل التطورات الراهنة فرصة تاريخية لتعزيز سيطرتها على جميع الأراضي المحتلة سواء في غزة أو الضفة الغربية، وتوجيه ضربة قاضية لأي احتمال لتحقيق تطلعات الفلسطينيين في تقرير مصيرهم. الجدير بالذكر أن الحملة العسكرية الإسرائيلية المتجددة انطلقت بعد أسبوعين فقط من قمة عقدتها جامعة الدول العربية في القاهرة في 4 مارس/آذار، أقرت خلالها خطة لإعادة إعمار القطاع تقوم على عودة السلطة الفلسطينية إلى الحكم، وعلى تأسيس دولة فلسطينية مستقبلية في الأراضي المحتلة، وهي أهداف ترفضها حكومة نتنياهو. وقد صيغت فكرة ""الهجرة الطوعية"" وكأنها عمل إنساني، وهي تسمية مضللة، نظرا إلى أن الفلسطينيين سيكونون مضطرين للنزوح من مناطق أصبحت غير صالحة للعيش بشكل متعمد. ويقول آخرون إنها شكل من أشكال التطهير العرقي. والمكاسب بالنسبة لإسرائيل تبدو واضحة: توسيع السيطرة على الأراضي، وتقليص مستوى المقاومة المحلية، وترجيح الميزان السكاني في إسرائيل والأراضي المحتلة لصالح اليهود على حساب الفلسطينيين. (يشكل اليهود حاليا أقلية بين حوالي 15 مليون شخص يعيشون تحت السيطرة الإسرائيلية). وفيما تسعى إسرائيل لتحقيق هذه الأهداف في غزة، فإنها تنفذ أيضا عمليات موازية في الضفة الغربية. فعقب سريان وقف إطلاق النار بغزة في يناير/كانون الثاني، أعادت إسرائيل نشر قواتها لإطلاق عملية ""الجدار الحديدي"". ورغم أن الهدف المعلن للعملية هو القضاء على الجماعات الفلسطينية المسلحة، فإن آثارها دمرت مناطق واسعة من الضفة، ولا سيما المخيمات الواقعة شمالا، مما أدى إلى تهجير أكثر من 40 ألفا من سكانها. وقد أعلنت إسرائيل لاحقا توسيع عمليتها لتشمل مدينة نابلس ومخيم بلاطة، أكبر مخيمات اللاجئين في الضفة. وعلى الرغم من أن العمليات هناك تجري على نطاق أصغر مقارنة بغزة، فإن الجيش الإسرائيلي يعيد تطبيق أساليب الدمار ذاتها: قصف جوي وصاروخي، ونشر الدبابات في المناطق ذات الكثافة السكانية العالية، وتدمير الطرق وشبكات المياه، وهدم أحياء بأكملها، واستخدام القوة المميتة لمنع السكان من العودة إلى منازلهم.      تدعي إسرائيل أنها استأنفت الحرب لتسريع عملية الإفراج عن المحتجزين المتبقين في غزة. ولكن كانت المفاوضات، وليس القوة العسكرية، هي التي حررت معظم المحتجزين. فقد أفرجت حماس عن حوالي 150 أسيرا بموجب اتفاقي وقف إطلاق النار في نوفمبر/تشرين الثاني عام 2023 ويناير/كانون الثاني عام 2025. بينما أدت العمليات العسكرية الإسرائيلية إلى استعادة 8 أسرى فقط. ومنذ بداية الحرب، لقي حوالي 40 محتجزا إسرائيليا حتفهم أثناء احتجازهم. ومنذ أن خرقت إسرائيل الهدنة وقتلت مئات المدنيين الفلسطينيين، لم يتم الإفراج عن أي محتجز إسرائيلي. وقد أعلنت حماس عبر قناتها على تليغرام، أن زيادة الضغط العسكري من إسرائيل والمعاناة التي تلحق بالمدنيين في غزة لن تجبرها على التخلي عن المزيد من الأسرى. بل على العكس، فإن التصريحات الإسرائيلية حول القضاء على المقاومة المسلحة، وتدمير غزة، وطرد سكانها، يجعل حماس أكثر تمسكا بآخر أوراقها التفاوضية.      عسكريا، تجنبت حماس في الغالب المواجهة المسلحة، وأطلقت بعض الصواريخ باتجاه إسرائيل، لكن هذه الهجمات لم تتسبب في أضرار كبيرة. ويبدو أن حماس قررت الحفاظ على قوتها للقتال في حرب عصابات طويلة الأمد، بينما تضيق إسرائيل المساحة التي يقطنها الفلسطينيون وترسل قواتها البرية أعمق داخل القطاع. أما سياسيا، فقد حافظت حماس على قنوات للتفاوض مع إسرائيل، لكنها حتى الآن قاومت جهود إسرائيل للتركيز على مسألة الأسرى فقط في المحادثات، بل تصر على الالتزام بالاتفاق الأصلي المتعدد المراحل، الذي ربط بين إطلاق سراح الأسرى والمفاوضات الشاملة حول مستقبل غزة. وأكد مسؤولو الحركة مرارا استعدادهم للتخلي عن إدارة قطاع غزة -وهو مطلب رئيسي لإسرائيل- شرط أن تتسلم سلطة فلسطينية موحدة إدارة القطاع. وفي هذا الإطار، تدعم حماس تشكيل ""لجنة إسناد مجتمعي"" مستقلة من شخصيات مهنية، لتولي إدارة شؤون غزة، وهي مبادرة جرت مناقشتها في محادثات المصالحة مع حركة فتح وتضمنها أيضا مشروع إعادة إعمار القطاع الذي أقرته جامعة الدول العربية. ومع ذلك، تبقى قضايا أساسية عالقة، لا سيما مسألة نزع سلاح حماس، التي تمثل مطلبا أساسيا لإسرائيل.      دفعت الحملة العسكرية المتجددة سكان غزة البالغ عددهم 2.2 مليون نسمة إلى كابوس آخر، ربما يكون أسوأ من سابقه، فقد أعطى وقف إطلاق النار في يناير/كانون الثاني الماضي -رغم الخروقات- فترة راحة من الهجمات الإسرائيلية كان السكان في أمسّ الحاجة إليها، وساعد خلالها دخول المساعدات على التخفيف من وطأة الجوع، وبدأ السكان بالعودة إلى منازلهم المدمرة بعد شهور من النزوح المتكرر. لكن منذ أن فرضت إسرائيل حصارها الكامل في أوائل مارس/آذار، باتت المواد الغذائية والمياه والأدوية شحيحة جدا. واضطرت عشرات المخابز والمطابخ التي تديرها وكالات الإغاثة إلى الإغلاق، وأصبح نصف السكان يعتمدون على وجبة يومية واحدة تقدمها تلك الوكالات، التي بدأ مخزونها ينفد. ويعيش نصف السكان أيضا على 6 لترات فقط من المياه يوميا للشرب والطهي والاستحمام! في ظل ذلك، يبقى عشرات الآلاف من مرضى الفشل الكلوي والسكري وارتفاع ضغط الدم وأمراض مزمنة أخرى بلا علاج، فيما ترتفع معدلات سوء التغذية بسرعة. فقد استهدفت إسرائيل خلال الشهر الماضي موظفي الأمم المتحدة والهلال الأحمر والصليب الأحمر، إضافة إلى المدارس المكتظة بالنازحين، والمستشفيات القليلة التي لا تزال تعمل. وتشير تقارير الأمم المتحدة إلى أن القوات الإسرائيلية استهدفت خيام النازحين في مناطق يفترض أنها آمنة لما لا يقل عن 23 مرة خلال هذه الأسابيع. وفي 36 غارة موثقة، كان جميع الضحايا من النساء والأطفال.      ربما. فالتفوق العسكري الإسرائيلي بات أكثر وضوحا. وتزعم إسرائيل أن الحركة فقدت ما بين 18 و20 ألف مقاتل -أي أكثر من نصف قوتها في بداية الحرب- إلى جانب 80% من أسلحتها الثقيلة مثل الصواريخ، إلا أن هذه الأرقام يصعب التحقق منها. لكن حماس تمكنت من تعويض النقص، حيث جندت آلاف المقاتلين. وتقدر إسرائيل أن الحركة لديها الآن 40 ألف مقاتل، وهو نفس العدد تقريبا الذي كان لديها في بداية الحرب. في هذا السياق، يبدو أن قادة إسرائيل يعتقدون أن حماس تضررت بما يكفي لشن الهجوم الحاسم. وبرغم الأصوات المعارضة داخل إسرائيل التي تطالب بإنهاء الحرب لاستعادة الأسرى، لا تزال الحكومة تصر على مواصلة القتال في ظل دعم وغطاء دبلوماسي من الولايات المتحدة. وحتى لو أخفقت في تحقيق هدفيها المعلنين، القضاء على حماس واستعادة الأسرى، فإن إسرائيل تأمل في تحقيق هدف أوسع وهو تقليص عدد سكان غزة. وقد بدأ نتنياهو ومسؤولون آخرون الترويج علنا لخطة ""الهجرة الطوعية""، مع محاولات لإقناع دول أخرى (دون نجاح حتى الآن) باستقبال لاجئين من القطاع. في هذه الأثناء، تقوم القوات الإسرائيلية بتوسيع المناطق العازلة وإنشاء منشآت جديدة داخل غزة، ضمن خطة لإنشاء ""جزر إنسانية"" تخضع لإدارة إسرائيلية مباشرة عبر وكلاء محليين يتم اختيارهم بعناية. ومع ذلك، هناك عوامل قد تحد من الطموحات الإسرائيلية. فالرأي العام في إسرائيل يدرك أن هناك تناقضا بين هدف استعادة الأسرى وهدف القضاء على حماس. ومع أن نتنياهو يبدو مصمما على مواصلة مسار الحرب لتحقيق الهدف الثاني، فإن الضغوط السياسية من عائلات الأسرى قد تتصاعد بشكل يجبره على إعادة النظر. وكذلك، قد يشكل تزايد المعارضة داخل الجيش تحديا، خصوصا إذا أصبح واضحا أن المخطط الحقيقي هو إعادة احتلال غزة بالكامل. ولا تبدو قدرة الجيش الإسرائيلي -الذي يعتمد بشكل أساسي على قوات الاحتياط- كافية للسيطرة على 2.2 مليون فلسطيني بشكل دائم. وتشير تقديرات إسرائيلية إلى أن احتلال القطاع يتطلب نشر 4 فرق عسكرية بشكل دائم، بتكلفة سنوية تقارب 7 مليارات دولار، مع افتراض أن الدول الأخرى ستتكفل بجميع تكاليف الإغاثة وإعادة الإعمار. ويمكن لحماس أن تؤثر أيضا في الحسابات، فقد قلصت مشاركة مقاتليها في المعارك حتى الآن. ولكن إذا اندفع الجيش الإسرائيلي في هجوم نهائي على المناطق المأهولة، فقد تلجأ الحركة إلى تكثيف الهجمات بكل قوتها لزيادة الخسائر الإسرائيلية.      تملك الولايات المتحدة النفوذ الأقوى، وبما أنها وفرت لإسرائيل دعما عسكريا واسعا، وحماية إستراتيجية وغطاء دبلوماسيا، فإنها في المقابل تملك القدرة على التأثير في سياساتها. ومن الواضح أن هناك تباينا في بعض القضايا بين الولايات المتحدة وإسرائيل، خاصة فيما يتعلق بإيران، وربما بملف غزة إلى حد ما. وبينما تتماشى إدارة ترامب مع الأهداف الإسرائيلية، فإن الرئيس أوضح رغبته في رؤية نتائج ملموسة. بل وقد يسعى إلى تحقيق اختراقٍ ما قبل زيارته المقررة إلى السعودية في مايو/أيار المقبل. وخلال زيارة نتنياهو إلى البيت الأبيض مطلع أبريل/نيسان الجاري، قال ترامب: ""أود أن أرى نهاية لهذه الحرب، وأعتقد أن الحرب ستنتهي في مرحلة ما، ولن يكون ذلك بعيدا جدا"". ومع ذلك، لا مؤشرات حتى الآن على أن ترامب مستعد لتحويل هذه الرغبة العامة إلى سياسة حازمة تفرض تغييرا في مسار الحرب. أما الدول العربية، فرغم امتلاكها قدرا من النفوذ، فإنها لا تبدو مستعدة لاستخدامه بطريقة قد تعرّض علاقاتها مع الولايات المتحدة وإسرائيل للخطر. ومع ذلك، فهي لا تزال تملك أدوات دبلوماسية مؤثرة. فقد وضعت مصر خطة لإعادة إعمار غزة، صادقت عليها الدول العربية في 4 مارس/آذار، وهي وإن كانت تصورا أوليا غير مكتمل، فإنها تمثل رؤية معقولة لمواجهة سيناريو إعادة احتلال غزة بشكل دائم من قبل إسرائيل، ويمكن أن تشكل مسارا لأي تسوية أوسع في المنطقة. ومع ذلك، ورغم المصادقة على الخطة ورفض الطرد الجماعي للفلسطينيين من غزة، فإن العالم العربي لم يظهر قدرا كافيا من التكاتف أو المبادرة العملية لوقف الحرب. أما أوروبا، فقد أخفقت حتى الآن في التأثير الفعلي على مجريات الصراع، إذ عرقلت الخلافات الداخلية بين داعمي إسرائيل ومنتقديها داخل القارة الأوروبية أي تحرك جاد لمحاسبة إسرائيل على انتهاكاتها الصريحة للقانون الدولي. كما أن الأزمات المتلاحقة، من الحرب في أوكرانيا إلى إدارة العلاقات المضطربة مع إدارة ترامب، طغت على الملف الفلسطيني، ودفعت بقضية غزة إلى الهامش.      رغم العيوب، تظل معايير اتفاق وقف إطلاق النار الذي أبرم في يناير/كانون الثاني بعد أشهر من المفاوضات، المسار الأكثر واقعية لتحقيق هدنة دائمة. ومن ثم، فإن العودة إلى اتفاق مماثل يقوم على أساس شامل -لا يقتصر فقط على تبادل الأسرى ووقف مؤقت للقتال، بل يشمل خارطة طريق لإنهاء الحرب- تعد أولوية قصوى. وعلى الولايات المتحدة أن توظف نفوذها لدعم هذا المسار، وأن تشجع الحكومات الأوروبية ودول الشرق الأوسط على الانخراط في نفس الجهد. فمن ناحية ما بعد الحرب، تبدو الخطة العربية واعدة إلى حد ما، رغم ما يشوبها من نواقص وغموض، خاصة وضع حماس كقوة مسلحة تحتفظ بجزء من ترسانتها. مع ذلك، توفر الخطة العربية مسارا مهما لرسم أفق سياسي وإعادة إعمار غزة، بما يساهم في استعادة الأمن المتبادل. ورغم انتقادات إدارة ترامب للخطة، فإنها لم تذهب إلى حد رفضها رسميا. وسيكون من الحكمة أن تعيد إدارة ترامب النظر فيها بجدية وأن تعمل، بالتنسيق مع وسطاء مصريين وقطريين، لمعالجة القضايا الشائكة التي تجاهلتها الخطة، مستثمرة النفوذ المتاح لديها مع الجانبين، من أجل صياغة بديل واقعي للسيناريو الإسرائيلي الحالي.. بديل يفتح أمام الفلسطينيين أفقا سياسيا مشروعا ويوفر للمنطقة قدرا من الاستقرار المنشود.          تابع الجزيرة نت على:",3.4,"['تعطي', 'الحرب', 'الإسرائيلية', 'المتجددة', 'غزة،', 'جانب', 'تصريحات', 'المسؤولين', 'السياسيين،', 'مؤشرات', 'واضحة', 'نوايا', 'إسرائيل', 'القطاع', 'وفي', 'التقرير،', 'يشرح', 'خبراء', 'مجموعة', 'الأزمات', 'الدولية', 'لماذا', 'تنذر', 'الخطط،', 'حال', 'تنفيذها،', 'بمزيد', 'إراقة', 'الدماء', 'وزرع', 'بذور', 'صراعات', 'جديدة', 'المستقبل', 'جددت', 'إسرائيل', 'هجومها', 'العسكري', 'غزة', 'مارسآذار', 'الماضي،', 'لتنهي', 'بذلك', 'وقف', 'إطلاق', 'النار', 'بدأ', 'ينايركانون', 'الثاني', 'ويتسم', 'الهجوم', 'الجديد', 'بتكتيكات', 'شراسة،', 'فإلى', 'جانب', 'استهداف', 'حركة', 'المقاومة', 'الإسلامية', 'حماس،', 'يسعى', 'القادة', 'الإسرائيليون', 'تدمير', 'القطاع', 'ودك', 'البنية', 'التحتية', 'وتصفية', 'كبار', 'المسؤولين', 'المدنيين', 'التابعين', 'للحركة', 'التركيز', 'سابقا', 'القيادات', 'العسكرية', 'والسياسية', 'يسيطر', 'الجيش', 'الإسرائيلي', 'مساحات', 'واسعة', 'غزة،', 'خطوة', 'تهدف', 'تقسيم', 'القطاع', 'بشكل', 'دائم', 'وقد', 'طوّقت', 'القوات', 'الإسرائيلية', 'معظم', 'مدينة', 'رفح،', 'أقصى', 'جنوب', 'القطاع،', 'وتخطط', 'لهدمها', 'بالكامل', 'تقريبا،', 'بينما', 'تحتل', 'الشريط', 'يفصل', 'غزة', 'الحدود', 'المصرية،', 'لتجعل', 'الوصول', 'القطاع', 'محصورا', 'عبر', 'إسرائيل', 'فقط', 'وتجبر', 'الغارات', 'الجوية', 'وأوامر', 'الإخلاء', 'مليون', 'فلسطيني', 'التكدس', 'بقع', 'ساحلية', 'ضيقة،', 'محولة', 'معظم', 'مناطق', 'غزة', 'مناطق', 'محظورة', 'ومنذ', 'استئناف', 'الحرب،', 'استشهد', 'فلسطيني', 'ثلثهم', 'الأطفال', 'وتجاوز', 'عدد', 'الشهداء', 'ألفا', 'بدء', 'الحرب', 'أكتوبرتشرين', 'الأول', 'تزال', 'آلاف', 'الجثث', 'الأنقاض،', 'بينما', 'توفي', 'آلاف', 'آخرون', 'نتيجة', 'نقص', 'الرعاية', 'الطبية', 'وغيرها', 'الأسباب', 'المباشرة', 'تفاقمت', 'الكارثة', 'الإنسانية', 'بسرعة،', 'خصوصا', 'فرض', 'إسرائيل', 'حصارا', 'كاملا', 'أوائل', 'مارسآذار', 'الماضي،', 'منعت', 'دخول', 'شاحنات', 'المساعدات', 'وبدعم', 'أميركي،', 'ترفض', 'حكومة', 'بنيامين', 'نتنياهو', 'وقف', 'الحرب', 'وترغب', 'تعزيز', 'السيطرة', 'غزة،', 'وتتحدث', 'تسميه', 'الهجرة', 'الطوعية', 'الترحيل', 'الجماعي', 'للفلسطينيين', 'القطاع', 'وفق', 'خطة', 'تحدث', 'عنها', 'الرئيس', 'الأميركي', 'دونالد', 'ترامب،', 'عقب', 'لقاء', 'نتنياهو،', 'وتقضي', 'بنقل', 'سكان', 'غزة', 'وإقامة', 'ريفييرا', 'الشرق', 'الأوسط', 'القطاع', 'وتواجه', 'إسرائيل', 'تحديات', 'نتيجة', 'حالة', 'الغموض', 'يلف', 'مصير', 'أسراها', 'غزة،', 'وسط', 'قلق', 'الإسرائيليين', 'تعرض', 'حياة', 'بقي', 'الأسرى', 'للخطر', 'تثير', 'تحركات', 'نتنياهو', 'الداخلية', 'قلقا', 'بشأن', 'تقويض', 'أجهزة', 'الرقابة', 'السلطة', 'التنفيذية،', 'بمحاولاته', 'إقالة', 'المستشارة', 'القضائية', 'الحكومية', 'ورئيس', 'جهاز', 'الأمن', 'الداخلي', 'الشاباك', 'غياب', 'دستور', 'مكتوب', 'إسرائيل', 'يحد', 'صلاحيات', 'الحكومة', 'وفي', 'مؤشر', 'تصاعد', 'الاستياء،', 'تسجل', 'قوات', 'الاحتياط', 'وهي', 'الجزء', 'الأكبر', 'القوات', 'القتالية', 'الإسرائيلية', 'معدلات', 'غياب', 'مسبوقة،', 'يتخلف', 'عدد', 'متزايد', 'الجنود', 'الالتحاق', 'بالخدمة', 'وتتعدد', 'أسباب', 'التململ', 'الإحباط', 'الاستدعاءات', 'المتكررة،', 'والغضب', 'إصرار', 'حكومة', 'نتنياهو', 'إعفاء', 'اليهود', 'المتدينين', 'الحريديم', 'الخدمة', 'العسكرية', 'ومع', 'الرفض', 'يزداد', 'صخبا', 'واتساعا،', 'فإنه', 'يزال', 'متفرقا', 'وعاجزا', 'وقف', 'عجلة', 'الحرب', 'تواصل', 'الحكومة', 'دفعها', 'الأمام', 'عرض', 'نتنياهو', 'خلال', 'اجتماع', 'حكومته', 'مارسآذار', 'الماضي،', 'خطته', 'سماه', 'المرحلة', 'النهائية', 'للحرب', 'غزة،', 'بإلقاء', 'حماس', 'سلاحها', 'ومغادرة', 'قادتها', 'تتولى', 'حكومته', 'مسؤولية', 'القطاع،', 'تهيئة', 'الظروف', 'لطرد', 'السكان', 'وتهدف', 'الخطة', 'تحقيق', 'أهداف', 'رئيسية', 'أولا', 'تدمير', 'القدرات', 'العسكرية', 'والحكومية', 'لحماس،', 'والإفراج', 'الإسرائيليين', 'المحتجزين', 'هجوم', 'أكتوبرتشرين', 'الأول', 'عام', 'ويؤكد', 'قادة', 'إسرائيل', 'حماس', 'أُضعفت', 'بشدة،', 'وأنه', 'يمكن', 'إجبارها', 'تسليم', 'المحتجزين', 'المتبقين', 'مقابل', 'تنازلات', 'إسرائيلية', 'اتفاق', 'وقف', 'إطلاق', 'النار', 'ينايركانون', 'الثاني', 'وتعتمد', 'الإستراتيجية', 'الإسرائيلية', 'قطع', 'إمدادات', 'الغذاء', 'والدواء', 'وكل', 'أشكال', 'المساعدات', 'سكان', 'غزة', 'إجراء', 'مدان', 'دوليا', 'لأنه', 'أشكال', 'العقاب', 'الجماعي', 'وبالفعل', 'فقد', 'اتسع', 'نطاق', 'الحصار', 'وطال', 'أمده', 'لفترة', 'أطول', 'هدف', 'معلن', 'غزة', 'قابلة', 'للحكم', 'السمات', 'الجديدة', 'وبموافقة', 'إدارة', 'ترامب', 'للتخلي', 'اتفاق', 'وقف', 'إطلاق', 'النار', 'توسطت', 'واشنطن', 'نفسها', 'ينايركانون', 'الثاني', 'إتمام', 'المهمة', 'بالقوة', 'وتنفيذ', 'الإستراتيجية', 'مدعوم', 'بتقارب', 'أوثق', 'القيادتين', 'العسكرية', 'والسياسية', 'إسرائيل،', 'وتشمل', 'إبقاء', 'القوات', 'داخل', 'القطاع', 'لفترة', 'طويلة', 'وفرض', 'إدارة', 'عسكرية', 'وسلسلة', 'توزيع', 'مساعدات', 'تديرها', 'إسرائيل', 'بزعم', 'حماس', 'تستفيد', 'المساعدات', 'ادعاء', 'يثبت', 'ثانيا', 'تسعى', 'إسرائيل', 'لإعادة', 'تشكيل', 'التركيبة', 'السكانية', 'والجغرافية', 'والبنية', 'الأمنية', 'غزة', 'بشكل', 'دائم،', 'بمعزل', 'وجود', 'حماس،', 'باتت', 'القوات', 'الإسرائيلية', 'تسيطر', 'بشكل', 'مباشر', 'يقل', 'أراضي', 'القطاع', 'وقد', 'وسّعت', 'القوات', 'الإسرائيلية', 'المنطقة', 'العازلة', 'المحيطة', 'بحدود', 'غزة،', 'أجبر', 'المدنيين', 'التجمع', 'مناطق', 'ساحلية', 'صغيرة', 'قرب', 'خان', 'يونس', 'ودير', 'البلح', 'جنوب', 'ووسط', 'القطاع،', 'وكذلك', 'حول', 'مدينة', 'غزة', 'الشمال', 'وقد', 'نزح', 'حوالي', 'شخص', 'مجددا', 'وهذه', 'التجمعات', 'مفصولة', 'بمحور', 'نتساريم،', 'ممر', 'يمتد', 'الشرق', 'الغرب', 'كانت', 'القوات', 'الإسرائيلية', 'أنشأته', 'خلال', 'الحرب،', 'تخلت', 'عنه', 'بموجب', 'اتفاق', 'وقف', 'إطلاق', 'النار،', 'وأعادت', 'السيطرة', 'أواخر', 'مارسآذار', 'وتشير', 'تقارير', 'الأمم', 'المتحدة', 'أراضي', 'غزة', 'أصبحت', 'مناطق', 'محظورة،', 'خاضعة', 'لسيطرة', 'إسرائيلية', 'مشمولة', 'بأوامر', 'إخلاء', 'تعمل', 'القوات', 'الإسرائيلية', 'تسوية', 'ممرات', 'أخرى', 'بالأرض،', 'يجعل', 'القطاع', 'متصل', 'جغرافيا', 'غرار', 'الضفة', 'الغربية', 'وتواصل', 'إسرائيل', 'تنفيذ', 'خططها', 'لهدم', 'مدينة', 'رفح', 'بالكامل', 'تقريبا،', 'وكان', 'يقطنها', 'الحرب', 'نسمة', 'وباستيلائها', 'رفح،', 'تفرض', 'إسرائيل', 'فعليا', 'سيطرة', 'كاملة', 'نقاط', 'الدخول', 'والخروج', 'قطاع', 'غزة', 'ثالثا', 'ترى', 'الحكومة', 'الإسرائيلية', 'اليمينية', 'المتطرفة', 'التطورات', 'الراهنة', 'فرصة', 'تاريخية', 'لتعزيز', 'سيطرتها', 'الأراضي', 'المحتلة', 'سواء', 'غزة', 'الضفة', 'الغربية،', 'وتوجيه', 'ضربة', 'قاضية', 'لأي', 'احتمال', 'لتحقيق', 'تطلعات', 'الفلسطينيين', 'تقرير', 'مصيرهم', 'الجدير', 'بالذكر', 'الحملة', 'العسكرية', 'الإسرائيلية', 'المتجددة', 'انطلقت', 'أسبوعين', 'فقط', 'قمة', 'عقدتها', 'جامعة', 'الدول', 'العربية', 'القاهرة', 'مارسآذار،', 'أقرت', 'خلالها', 'خطة', 'لإعادة', 'إعمار', 'القطاع', 'تقوم', 'عودة', 'السلطة', 'الفلسطينية', 'الحكم،', 'وعلى', 'تأسيس', 'دولة', 'فلسطينية', 'مستقبلية', 'الأراضي', 'المحتلة،', 'وهي', 'أهداف', 'ترفضها', 'حكومة', 'نتنياهو', 'وقد', 'صيغت', 'فكرة', 'الهجرة', 'الطوعية', 'وكأنها', 'عمل', 'إنساني،', 'وهي', 'تسمية', 'مضللة،', 'نظرا', 'الفلسطينيين', 'سيكونون', 'مضطرين', 'للنزوح', 'مناطق', 'أصبحت', 'صالحة', 'للعيش', 'بشكل', 'متعمد', 'ويقول', 'آخرون', 'إنها', 'شكل', 'أشكال', 'التطهير', 'العرقي', 'والمكاسب', 'بالنسبة', 'لإسرائيل', 'تبدو', 'واضحة', 'توسيع', 'السيطرة', 'الأراضي،', 'وتقليص', 'مستوى', 'المقاومة', 'المحلية،', 'وترجيح', 'الميزان', 'السكاني', 'إسرائيل', 'والأراضي', 'المحتلة', 'لصالح', 'اليهود', 'حساب', 'الفلسطينيين', 'يشكل', 'اليهود', 'حاليا', 'أقلية', 'حوالي', 'مليون', 'شخص', 'يعيشون', 'السيطرة', 'الإسرائيلية', 'وفيما', 'تسعى', 'إسرائيل', 'لتحقيق', 'الأهداف', 'غزة،', 'فإنها', 'تنفذ', 'عمليات', 'موازية', 'الضفة', 'الغربية', 'فعقب', 'سريان', 'وقف', 'إطلاق', 'النار', 'بغزة', 'ينايركانون', 'الثاني،', 'أعادت', 'إسرائيل', 'نشر', 'قواتها', 'لإطلاق', 'عملية', 'الجدار', 'الحديدي', 'ورغم', 'الهدف', 'المعلن', 'للعملية', 'القضاء', 'الجماعات', 'الفلسطينية', 'المسلحة،', 'آثارها', 'دمرت', 'مناطق', 'واسعة', 'الضفة،', 'سيما', 'المخيمات', 'الواقعة', 'شمالا،', 'أدى', 'تهجير', 'ألفا', 'سكانها', 'وقد', 'أعلنت', 'إسرائيل', 'لاحقا', 'توسيع', 'عمليتها', 'لتشمل', 'مدينة', 'نابلس', 'ومخيم', 'بلاطة،', 'أكبر', 'مخيمات', 'اللاجئين', 'الضفة', 'وعلى', 'الرغم', 'العمليات', 'تجري', 'نطاق', 'أصغر', 'مقارنة', 'بغزة،', 'الجيش', 'الإسرائيلي', 'يعيد', 'تطبيق', 'أساليب', 'الدمار', 'ذاتها', 'قصف', 'جوي', 'وصاروخي،', 'ونشر', 'الدبابات', 'المناطق', 'الكثافة', 'السكانية', 'العالية،', 'وتدمير', 'الطرق', 'وشبكات', 'المياه،', 'وهدم', 'أحياء', 'بأكملها،', 'واستخدام', 'القوة', 'المميتة', 'لمنع', 'السكان', 'العودة', 'منازلهم', 'تدعي', 'إسرائيل', 'أنها', 'استأنفت', 'الحرب', 'لتسريع', 'عملية', 'الإفراج', 'المحتجزين', 'المتبقين', 'غزة', 'كانت', 'المفاوضات،', 'وليس', 'القوة', 'العسكرية،', 'حررت', 'معظم', 'المحتجزين', 'فقد', 'أفرجت', 'حماس', 'حوالي', 'أسيرا', 'بموجب', 'اتفاقي', 'وقف', 'إطلاق', 'النار', 'نوفمبرتشرين', 'الثاني', 'عام', 'وينايركانون', 'الثاني', 'عام', 'بينما', 'أدت', 'العمليات', 'العسكرية', 'الإسرائيلية', 'استعادة', 'أسرى', 'فقط', 'ومنذ', 'بداية', 'الحرب،', 'لقي', 'حوالي', 'محتجزا', 'إسرائيليا', 'حتفهم', 'أثناء', 'احتجازهم', 'ومنذ', 'خرقت', 'إسرائيل', 'الهدنة', 'وقتلت', 'مئات', 'المدنيين', 'الفلسطينيين،', 'يتم', 'الإفراج', 'محتجز', 'إسرائيلي', 'وقد', 'أعلنت', 'حماس', 'عبر', 'قناتها', 'تليغرام،', 'زيادة', 'الضغط', 'العسكري', 'إسرائيل', 'والمعاناة', 'تلحق', 'بالمدنيين', 'غزة', 'تجبرها', 'التخلي', 'المزيد', 'الأسرى', 'العكس،', 'التصريحات', 'الإسرائيلية', 'حول', 'القضاء', 'المقاومة', 'المسلحة،', 'وتدمير', 'غزة،', 'وطرد', 'سكانها،', 'يجعل', 'حماس', 'تمسكا', 'بآخر', 'أوراقها', 'التفاوضية', 'عسكريا،', 'تجنبت', 'حماس', 'الغالب', 'المواجهة', 'المسلحة،', 'وأطلقت', 'الصواريخ', 'باتجاه', 'إسرائيل،', 'الهجمات', 'تتسبب', 'أضرار', 'كبيرة', 'ويبدو', 'حماس', 'قررت', 'الحفاظ', 'قوتها', 'للقتال', 'حرب', 'عصابات', 'طويلة', 'الأمد،', 'بينما', 'تضيق', 'إسرائيل', 'المساحة', 'يقطنها', 'الفلسطينيون', 'وترسل', 'قواتها', 'البرية', 'أعمق', 'داخل', 'القطاع', 'سياسيا،', 'فقد', 'حافظت', 'حماس', 'قنوات', 'للتفاوض', 'إسرائيل،', 'لكنها', 'قاومت', 'جهود', 'إسرائيل', 'للتركيز', 'مسألة', 'الأسرى', 'فقط', 'المحادثات،', 'تصر', 'الالتزام', 'بالاتفاق', 'الأصلي', 'المتعدد', 'المراحل،', 'ربط', 'إطلاق', 'سراح', 'الأسرى', 'والمفاوضات', 'الشاملة', 'حول', 'مستقبل', 'غزة', 'وأكد', 'مسؤولو', 'الحركة', 'مرارا', 'استعدادهم', 'للتخلي', 'إدارة', 'قطاع', 'غزة', 'مطلب', 'رئيسي', 'لإسرائيل', 'شرط', 'تتسلم', 'سلطة', 'فلسطينية', 'موحدة', 'إدارة', 'القطاع', 'وفي', 'الإطار،', 'تدعم', 'حماس', 'تشكيل', 'لجنة', 'إسناد', 'مجتمعي', 'مستقلة', 'شخصيات', 'مهنية،', 'لتولي', 'إدارة', 'شؤون', 'غزة،', 'وهي', 'مبادرة', 'جرت', 'مناقشتها', 'محادثات', 'المصالحة', 'حركة', 'فتح', 'وتضمنها', 'مشروع', 'إعادة', 'إعمار', 'القطاع', 'أقرته', 'جامعة', 'الدول', 'العربية', 'ومع', 'ذلك،', 'تبقى', 'قضايا', 'أساسية', 'عالقة،', 'سيما', 'مسألة', 'نزع', 'سلاح', 'حماس،', 'تمثل', 'مطلبا', 'أساسيا', 'لإسرائيل', 'دفعت', 'الحملة', 'العسكرية', 'المتجددة', 'سكان', 'غزة', 'البالغ', 'عددهم', 'مليون', 'نسمة', 'كابوس', 'آخر،', 'ربما', 'يكون', 'أسوأ', 'سابقه،', 'فقد', 'وقف', 'إطلاق', 'النار', 'ينايركانون', 'الثاني', 'الماضي', 'رغم', 'الخروقات', 'فترة', 'راحة', 'الهجمات', 'الإسرائيلية', 'السكان', 'أمسّ', 'الحاجة', 'إليها،', 'وساعد', 'خلالها', 'دخول', 'المساعدات', 'التخفيف', 'وطأة', 'الجوع،', 'وبدأ', 'السكان', 'بالعودة', 'منازلهم', 'المدمرة', 'شهور', 'النزوح', 'المتكرر', 'فرضت', 'إسرائيل', 'حصارها', 'الكامل', 'أوائل', 'مارسآذار،', 'باتت', 'المواد', 'الغذائية', 'والمياه', 'والأدوية', 'شحيحة', 'جدا', 'واضطرت', 'عشرات', 'المخابز', 'والمطابخ', 'تديرها', 'وكالات', 'الإغاثة', 'الإغلاق،', 'وأصبح', 'نصف', 'السكان', 'يعتمدون', 'وجبة', 'يومية', 'واحدة', 'تقدمها', 'الوكالات،', 'بدأ', 'مخزونها', 'ينفد', 'ويعيش', 'نصف', 'السكان', 'لترات', 'فقط', 'المياه', 'يوميا', 'للشرب', 'والطهي', 'والاستحمام', 'ذلك،', 'يبقى', 'عشرات', 'الآلاف', 'مرضى', 'الفشل', 'الكلوي', 'والسكري', 'وارتفاع', 'ضغط', 'الدم', 'وأمراض', 'مزمنة', 'أخرى', 'بلا', 'علاج،', 'ترتفع', 'معدلات', 'سوء', 'التغذية', 'بسرعة', 'فقد', 'استهدفت', 'إسرائيل', 'خلال', 'الشهر', 'الماضي', 'موظفي', 'الأمم', 'المتحدة', 'والهلال', 'الأحمر', 'والصليب', 'الأحمر،', 'إضافة', 'المدارس', 'المكتظة', 'بالنازحين،', 'والمستشفيات', 'القليلة', 'تزال', 'تعمل', 'وتشير', 'تقارير', 'الأمم', 'المتحدة', 'القوات', 'الإسرائيلية', 'استهدفت', 'خيام', 'النازحين', 'مناطق', 'يفترض', 'أنها', 'آمنة', 'يقل', 'مرة', 'خلال', 'الأسابيع', 'وفي', 'غارة', 'موثقة،', 'الضحايا', 'النساء', 'والأطفال', 'ربما', 'فالتفوق', 'العسكري', 'الإسرائيلي', 'وضوحا', 'وتزعم', 'إسرائيل', 'الحركة', 'فقدت', 'مقاتل', 'نصف', 'قوتها', 'بداية', 'الحرب', 'جانب', 'أسلحتها', 'الثقيلة', 'الصواريخ،', 'الأرقام', 'يصعب', 'التحقق', 'حماس', 'تمكنت', 'تعويض', 'النقص،', 'جندت', 'آلاف', 'المقاتلين', 'وتقدر', 'إسرائيل', 'الحركة', 'لديها', 'مقاتل،', 'العدد', 'تقريبا', 'لديها', 'بداية', 'الحرب', 'السياق،', 'يبدو', 'قادة', 'إسرائيل', 'يعتقدون', 'حماس', 'تضررت', 'يكفي', 'لشن', 'الهجوم', 'الحاسم', 'وبرغم', 'الأصوات', 'المعارضة', 'داخل', 'إسرائيل', 'تطالب', 'بإنهاء', 'الحرب', 'لاستعادة', 'الأسرى،', 'تزال', 'الحكومة', 'تصر', 'مواصلة', 'القتال', 'دعم', 'وغطاء', 'دبلوماسي', 'الولايات', 'المتحدة', 'وحتى', 'أخفقت', 'تحقيق', 'هدفيها', 'المعلنين،', 'القضاء', 'حماس', 'واستعادة', 'الأسرى،', 'إسرائيل', 'تأمل', 'تحقيق', 'هدف', 'أوسع', 'تقليص', 'عدد', 'سكان', 'غزة', 'وقد', 'بدأ', 'نتنياهو', 'ومسؤولون', 'آخرون', 'الترويج', 'علنا', 'لخطة', 'الهجرة', 'الطوعية،', 'محاولات', 'لإقناع', 'دول', 'أخرى', 'نجاح', 'باستقبال', 'لاجئين', 'القطاع', 'الأثناء،', 'تقوم', 'القوات', 'الإسرائيلية', 'بتوسيع', 'المناطق', 'العازلة', 'وإنشاء', 'منشآت', 'جديدة', 'داخل', 'غزة،', 'ضمن', 'خطة', 'لإنشاء', 'جزر', 'إنسانية', 'تخضع', 'لإدارة', 'إسرائيلية', 'مباشرة', 'عبر', 'وكلاء', 'محليين', 'يتم', 'اختيارهم', 'بعناية', 'ومع', 'ذلك،', 'عوامل', 'تحد', 'الطموحات', 'الإسرائيلية', 'فالرأي', 'العام', 'إسرائيل', 'يدرك', 'تناقضا', 'هدف', 'استعادة', 'الأسرى', 'وهدف', 'القضاء', 'حماس', 'ومع', 'نتنياهو', 'يبدو', 'مصمما', 'مواصلة', 'مسار', 'الحرب', 'لتحقيق', 'الهدف', 'الثاني،', 'الضغوط', 'السياسية', 'عائلات', 'الأسرى', 'تتصاعد', 'بشكل', 'يجبره', 'إعادة', 'النظر', 'وكذلك،', 'يشكل', 'تزايد', 'المعارضة', 'داخل', 'الجيش', 'تحديا،', 'خصوصا', 'واضحا', 'المخطط', 'الحقيقي', 'إعادة', 'احتلال', 'غزة', 'بالكامل', 'تبدو', 'قدرة', 'الجيش', 'الإسرائيلي', 'يعتمد', 'بشكل', 'أساسي', 'قوات', 'الاحتياط', 'كافية', 'للسيطرة', 'مليون', 'فلسطيني', 'بشكل', 'دائم', 'وتشير', 'تقديرات', 'إسرائيلية', 'احتلال', 'القطاع', 'يتطلب', 'نشر', 'فرق', 'عسكرية', 'بشكل', 'دائم،', 'بتكلفة', 'سنوية', 'تقارب', 'مليارات', 'دولار،', 'افتراض', 'الدول', 'الأخرى', 'ستتكفل', 'بجميع', 'تكاليف', 'الإغاثة', 'وإعادة', 'الإعمار', 'ويمكن', 'لحماس', 'تؤثر', 'الحسابات،', 'فقد', 'قلصت', 'مشاركة', 'مقاتليها', 'المعارك', 'اندفع', 'الجيش', 'الإسرائيلي', 'هجوم', 'نهائي', 'المناطق', 'المأهولة،', 'فقد', 'تلجأ', 'الحركة', 'تكثيف', 'الهجمات', 'بكل', 'قوتها', 'لزيادة', 'الخسائر', 'الإسرائيلية', 'تملك', 'الولايات', 'المتحدة', 'النفوذ', 'الأقوى،', 'وبما', 'أنها', 'وفرت', 'لإسرائيل', 'دعما', 'عسكريا', 'واسعا،', 'وحماية', 'إستراتيجية', 'وغطاء', 'دبلوماسيا،', 'فإنها', 'المقابل', 'تملك', 'القدرة', 'التأثير', 'سياساتها', 'الواضح', 'تباينا', 'القضايا', 'الولايات', 'المتحدة', 'وإسرائيل،', 'يتعلق', 'بإيران،', 'وربما', 'بملف', 'غزة', 'وبينما', 'تتماشى', 'إدارة', 'ترامب', 'الأهداف', 'الإسرائيلية،', 'الرئيس', 'أوضح', 'رغبته', 'رؤية', 'نتائج', 'ملموسة', 'وقد', 'يسعى', 'تحقيق', 'اختراقٍ', 'زيارته', 'المقررة', 'السعودية', 'مايوأيار', 'المقبل', 'وخلال', 'زيارة', 'نتنياهو', 'البيت', 'الأبيض', 'مطلع', 'أبريلنيسان', 'الجاري،', 'قال', 'ترامب', 'أود', 'نهاية', 'لهذه', 'الحرب،', 'وأعتقد', 'الحرب', 'ستنتهي', 'مرحلة', 'ما،', 'ولن', 'يكون', 'بعيدا', 'جدا', 'ومع', 'ذلك،', 'مؤشرات', 'ترامب', 'مستعد', 'لتحويل', 'الرغبة', 'العامة', 'سياسة', 'حازمة', 'تفرض', 'تغييرا', 'مسار', 'الحرب', 'الدول', 'العربية،', 'فرغم', 'امتلاكها', 'قدرا', 'النفوذ،', 'فإنها', 'تبدو', 'مستعدة', 'لاستخدامه', 'بطريقة', 'تعرّض', 'علاقاتها', 'الولايات', 'المتحدة', 'وإسرائيل', 'للخطر', 'ومع', 'ذلك،', 'فهي', 'تزال', 'تملك', 'أدوات', 'دبلوماسية', 'مؤثرة', 'فقد', 'وضعت', 'مصر', 'خطة', 'لإعادة', 'إعمار', 'غزة،', 'صادقت', 'عليها', 'الدول', 'العربية', 'مارسآذار،', 'وهي', 'كانت', 'تصورا', 'أوليا', 'مكتمل،', 'فإنها', 'تمثل', 'رؤية', 'معقولة', 'لمواجهة', 'سيناريو', 'إعادة', 'احتلال', 'غزة', 'بشكل', 'دائم', 'إسرائيل،', 'ويمكن', 'تشكل', 'مسارا', 'لأي', 'تسوية', 'أوسع', 'المنطقة', 'ومع', 'ذلك،', 'ورغم', 'المصادقة', 'الخطة', 'ورفض', 'الطرد', 'الجماعي', 'للفلسطينيين', 'غزة،', 'العالم', 'العربي', 'يظهر', 'قدرا', 'كافيا', 'التكاتف', 'المبادرة', 'العملية', 'لوقف', 'الحرب', 'أوروبا،', 'فقد', 'أخفقت', 'التأثير', 'الفعلي', 'مجريات', 'الصراع،', 'عرقلت', 'الخلافات', 'الداخلية', 'داعمي', 'إسرائيل', 'ومنتقديها', 'داخل', 'القارة', 'الأوروبية', 'تحرك', 'جاد', 'لمحاسبة', 'إسرائيل', 'انتهاكاتها', 'الصريحة', 'للقانون', 'الدولي', 'الأزمات', 'المتلاحقة،', 'الحرب', 'أوكرانيا', 'إدارة', 'العلاقات', 'المضطربة', 'إدارة', 'ترامب،', 'طغت', 'الملف', 'الفلسطيني،', 'ودفعت', 'بقضية', 'غزة', 'الهامش', 'رغم', 'العيوب،', 'تظل', 'معايير', 'اتفاق', 'وقف', 'إطلاق', 'النار', 'أبرم', 'ينايركانون', 'الثاني', 'أشهر', 'المفاوضات،', 'المسار', 'الأكثر', 'واقعية', 'لتحقيق', 'هدنة', 'دائمة', 'ثم،', 'العودة', 'اتفاق', 'مماثل', 'يقوم', 'أساس', 'شامل', 'يقتصر', 'فقط', 'تبادل', 'الأسرى', 'ووقف', 'مؤقت', 'للقتال،', 'يشمل', 'خارطة', 'طريق', 'لإنهاء', 'الحرب', 'تعد', 'أولوية', 'قصوى', 'وعلى', 'الولايات', 'المتحدة', 'توظف', 'نفوذها', 'لدعم', 'المسار،', 'وأن', 'تشجع', 'الحكومات', 'الأوروبية', 'ودول', 'الشرق', 'الأوسط', 'الانخراط', 'الجهد', 'ناحية', 'الحرب،', 'تبدو', 'الخطة', 'العربية', 'واعدة', 'ما،', 'رغم', 'يشوبها', 'نواقص', 'وغموض،', 'وضع', 'حماس', 'كقوة', 'مسلحة', 'تحتفظ', 'بجزء', 'ترسانتها', 'ذلك،', 'توفر', 'الخطة', 'العربية', 'مسارا', 'لرسم', 'أفق', 'سياسي', 'وإعادة', 'إعمار', 'غزة،', 'يساهم', 'استعادة', 'الأمن', 'المتبادل', 'ورغم', 'انتقادات', 'إدارة', 'ترامب', 'للخطة،', 'فإنها', 'تذهب', 'رفضها', 'رسميا', 'وسيكون', 'الحكمة', 'تعيد', 'إدارة', 'ترامب', 'النظر', 'بجدية', 'وأن', 'تعمل،', 'بالتنسيق', 'وسطاء', 'مصريين', 'وقطريين،', 'لمعالجة', 'القضايا', 'الشائكة', 'تجاهلتها', 'الخطة،', 'مستثمرة', 'النفوذ', 'المتاح', 'لديها', 'الجانبين،', 'صياغة', 'بديل', 'واقعي', 'للسيناريو', 'الإسرائيلي', 'الحالي', 'بديل', 'يفتح', 'الفلسطينيين', 'أفقا', 'سياسيا', 'مشروعا', 'ويوفر', 'للمنطقة', 'قدرا', 'الاستقرار', 'المنشود', 'تابع', 'الجزيرة']"
